# This file uses centimeters as units for non-parametric coordinates.

mtllib WitchDoll_LoPoly.mtl
g default
v -0.423780 3.143362 -0.181343
v -0.575750 3.230893 -0.265396
v -0.771275 3.337466 -0.280331
v -0.935670 3.422375 -0.220445
v -1.006142 3.453187 -0.108610
v -0.955773 3.418132 0.012455
v -0.803803 3.330601 0.096508
v -0.608278 3.224028 0.111443
v -0.443883 3.139120 0.051557
v -0.373411 3.108308 -0.060277
v -0.358966 3.204075 -0.185688
v -0.525241 3.299845 -0.277653
v -0.739170 3.416449 -0.293995
v -0.919040 3.509350 -0.228471
v -0.996145 3.543062 -0.106110
v -0.941035 3.504708 0.026350
v -0.774760 3.408938 0.118315
v -0.560831 3.292334 0.134657
v -0.380961 3.199433 0.069133
v -0.303856 3.165721 -0.053228
v -0.292883 3.193206 -0.205003
v -0.491301 3.307489 -0.314746
v -0.746584 3.446634 -0.334246
v -0.961223 3.557493 -0.256056
v -1.053233 3.597722 -0.110042
v -0.987470 3.551954 0.048024
v -0.789053 3.437671 0.157766
v -0.533770 3.298526 0.177267
v -0.319130 3.187667 0.099077
v -0.227120 3.147438 -0.046937
v -0.275293 3.118941 -0.224743
v -0.499486 3.248070 -0.348742
v -0.787933 3.405291 -0.370775
v -1.030455 3.530551 -0.282428
v -1.134419 3.576006 -0.117445
v -1.060112 3.524293 0.061155
v -0.835919 3.395164 0.185153
v -0.547472 3.237942 0.207187
v -0.304950 3.112682 0.118840
v -0.200986 3.067227 -0.046143
v -0.319441 3.037202 -0.230043
v -0.543634 3.166331 -0.354041
v -0.832081 3.323552 -0.376075
v -1.074603 3.448813 -0.287728
v -1.178567 3.494267 -0.122745
v -1.104260 3.442554 0.055855
v -0.880067 3.313425 0.179854
v -0.591620 3.156204 0.201888
v -0.349098 3.030943 0.113540
v -0.245134 2.985488 -0.051442
v -0.392083 3.009541 -0.216912
v -0.590500 3.123823 -0.326654
v -0.845783 3.262968 -0.346155
v -1.060423 3.373827 -0.267965
v -1.152433 3.414056 -0.121951
v -1.086670 3.368288 0.036116
v -0.888252 3.254006 0.145858
v -0.632969 3.114860 0.165358
v -0.418330 3.004001 0.087169
v -0.326319 2.963773 -0.058846
v -0.438518 3.056786 -0.195238
v -0.604793 3.152556 -0.287203
v -0.818722 3.269161 -0.303545
v -0.998592 3.362062 -0.238021
v -1.075697 3.395773 -0.115660
v -1.020587 3.357420 0.016801
v -0.854312 3.261650 0.108765
v -0.640383 3.145045 0.125107
v -0.460513 3.052145 0.059583
v -0.383408 3.018433 -0.062778
v -0.967243 2.553361 -0.016354
v -0.972655 2.659528 0.059222
v -1.028282 2.667682 -0.031095
v -0.737151 2.633908 0.037200
v -0.827075 2.642639 0.093373
v -0.821663 2.536472 0.017797
v -0.321124 9.047115 0.109320
v -0.265497 9.038961 0.199637
v -0.236612 9.144551 0.128722
v -0.091032 9.127662 0.162873
v -0.119917 9.022073 0.233788
v -0.029993 9.013341 0.177615
v -0.286820 9.046538 -0.037200
v -0.202308 9.143973 -0.017797
v -0.196896 9.037807 -0.093373
v -0.051316 9.020917 -0.059222
v -0.056728 9.127085 0.016354
v 0.004311 9.012763 0.031095
v -0.993977 2.667105 -0.177615
v -0.904053 2.658373 -0.233788
v -0.932938 2.552784 -0.162873
v -0.787358 2.535895 -0.128722
v -0.758473 2.641484 -0.199637
v -0.702846 2.633330 -0.109320
v -0.210429 7.550614 0.223401
v -0.300354 7.559346 0.279574
v -0.445933 7.576235 0.245423
v -0.501560 7.584389 0.155106
v -0.467256 7.583811 0.008587
v -0.377332 7.575079 -0.047586
v -0.231752 7.558190 -0.013435
v -0.176125 7.550036 0.076882
v -0.330965 5.762243 -0.147202
v -0.386592 5.770397 -0.237519
v -0.532172 5.787286 -0.271670
v -0.622096 5.796018 -0.215497
v -0.656401 5.796595 -0.068977
v -0.600774 5.788441 0.021340
v -0.455194 5.771552 0.055491
v -0.365270 5.762820 -0.000682
v -0.469833 3.711336 0.095539
v -0.559757 3.720068 0.151712
v -0.705337 3.736958 0.117561
v -0.760964 3.745111 0.027244
v -0.726659 3.744534 -0.119276
v -0.636735 3.735802 -0.175449
v -0.491155 3.718913 -0.141298
v -0.435528 3.710759 -0.050981
v -2.955289 0.594397 -0.118512
v -2.872624 0.666488 -0.038703
v -2.939899 0.727033 -0.094617
v -2.712463 0.542349 -0.163369
v -2.758894 0.574137 -0.073082
v -2.841560 0.502046 -0.152891
v 1.412966 5.937043 0.309598
v 1.480241 5.876498 0.365513
v 1.542063 5.977346 0.299121
v 1.655792 5.884995 0.264742
v 1.593970 5.784147 0.331133
v 1.640402 5.752359 0.240847
v 1.392118 5.965806 0.163369
v 1.521215 6.006109 0.152891
v 1.438550 5.934018 0.073082
v 1.552279 5.841667 0.038703
v 1.634945 5.913758 0.118512
v 1.619554 5.781122 0.094617
v -2.960747 0.755796 -0.240847
v -2.914315 0.724008 -0.331133
v -2.976137 0.623160 -0.264742
v -2.862407 0.530808 -0.299121
v -2.800585 0.631657 -0.365513
v -2.733310 0.571112 -0.309598
v 0.653229 4.542206 0.225980
v 0.606798 4.573994 0.316266
v 0.493069 4.666345 0.350646
v 0.425794 4.726890 0.294732
v 0.404946 4.755653 0.148502
v 0.451378 4.723865 0.058215
v 0.565107 4.631514 0.023836
v 0.632382 4.570969 0.079750
v -0.613270 3.147760 -0.217866
v -0.680544 3.208306 -0.273780
v -0.794274 3.300657 -0.239401
v -0.840705 3.332445 -0.149114
v -0.819858 3.303682 -0.002885
v -0.752583 3.243137 0.053030
v -0.638854 3.150785 0.018650
v -0.592422 3.118998 -0.071636
v -1.851682 1.343484 -0.128507
v -1.898113 1.375271 -0.038221
v -2.011843 1.467623 -0.003842
v -2.079118 1.528168 -0.059756
v -2.099965 1.556931 -0.205985
v -2.053534 1.525143 -0.296272
v -1.939805 1.432792 -0.330651
v -1.872530 1.372247 -0.274737
v 3.217341 5.237765 0.952793
v 3.079507 5.255023 0.997716
v 3.086656 5.180203 0.922423
v 3.126658 5.478356 0.930613
v 3.099509 5.404114 1.001811
v 3.237344 5.386856 0.956889
v -4.184932 6.202667 -0.784094
v -4.192082 6.277487 -0.708802
v -4.295618 6.294168 -0.810369
v -4.275615 6.443259 -0.806274
v -4.172079 6.426578 -0.704706
v -4.144931 6.500820 -0.775904
v -4.150628 6.202089 -0.930613
v -4.261314 6.293590 -0.956889
v -4.123480 6.276331 -1.001811
v -4.103477 6.425423 -0.997716
v -4.241311 6.442681 -0.952793
v -4.110627 6.500242 -0.922423
v 3.120960 5.179626 0.775904
v 3.148109 5.253868 0.704706
v 3.251645 5.237187 0.806274
v 3.271648 5.386278 0.810369
v 3.168112 5.402959 0.708802
v 3.160962 5.477778 0.784094
v -2.495553 6.266639 -0.306549
v -2.522701 6.192398 -0.235351
v -2.542703 6.043306 -0.239447
v -2.535554 5.968487 -0.314739
v -2.501250 5.967909 -0.461259
v -2.474102 6.042151 -0.532456
v -2.454099 6.191242 -0.528361
v -2.461248 6.266062 -0.453069
v -0.381009 5.978911 -0.159772
v -0.373860 5.904092 -0.235065
v -0.393862 5.755001 -0.239160
v -0.421011 5.680759 -0.167962
v -0.455315 5.681336 -0.021443
v -0.462464 5.756156 0.053849
v -0.442462 5.905247 0.057945
v -0.415314 5.979489 -0.013253
v 1.899306 5.803285 0.641974
v 1.872157 5.729043 0.713172
v 1.852154 5.579952 0.709076
v 1.859304 5.505133 0.633784
v 1.893608 5.504555 0.487265
v 1.920757 5.578797 0.416067
v 1.940759 5.727888 0.420162
v 1.933610 5.802708 0.495455
v -0.314834 6.043097 -0.161735
v -0.400703 5.957415 -0.235981
v -0.511369 5.848413 -0.252345
v -0.604563 5.757725 -0.204576
v -0.644686 5.719992 -0.110921
v -0.616413 5.749626 -0.007153
v -0.530544 5.835308 0.067093
v -0.419877 5.944310 0.083457
v -0.326684 6.034998 0.035688
v -0.286561 6.072731 -0.057967
v -0.341678 6.098686 -0.170114
v -0.435630 6.004939 -0.251348
v -0.556713 5.885676 -0.269252
v -0.658678 5.786453 -0.216987
v -0.702578 5.745168 -0.114517
v -0.671644 5.777591 -0.000981
v -0.577692 5.871338 0.080254
v -0.456609 5.990601 0.098158
v -0.354644 6.089825 0.045893
v -0.310744 6.131109 -0.056578
v -0.319921 6.140039 -0.186734
v -0.432035 6.028170 -0.283671
v -0.576524 5.885853 -0.305036
v -0.698200 5.767449 -0.242668
v -0.750586 5.718183 -0.120389
v -0.713672 5.756874 0.015094
v -0.601559 5.868743 0.112032
v -0.457069 6.011060 0.133397
v -0.335393 6.129465 0.071028
v -0.283007 6.178730 -0.051250
v -0.265946 6.136017 -0.199080
v -0.392624 6.009615 -0.308610
v -0.555884 5.848810 -0.332751
v -0.693367 5.715024 -0.262280
v -0.752558 5.659358 -0.124116
v -0.710849 5.703075 0.028967
v -0.584171 5.829477 0.138498
v -0.420911 5.990282 0.162638
v -0.283428 6.124068 0.092168
v -0.224237 6.179734 -0.045996
v -0.220398 6.089648 -0.197855
v -0.347076 5.963246 -0.307386
v -0.510336 5.802441 -0.331526
v -0.647818 5.668655 -0.261056
v -0.707009 5.612989 -0.122892
v -0.665300 5.656706 0.030192
v -0.538622 5.783108 0.139722
v -0.375362 5.943913 0.163863
v -0.237880 6.077700 0.093392
v -0.178688 6.133365 -0.044772
v -0.217574 6.035849 -0.183982
v -0.329688 5.923980 -0.280920
v -0.474177 5.781663 -0.302285
v -0.595853 5.663259 -0.239916
v -0.648239 5.613993 -0.117637
v -0.611325 5.652684 0.017846
v -0.499212 5.764553 0.114783
v -0.354722 5.906870 0.136148
v -0.233046 6.025274 0.073780
v -0.180661 6.074540 -0.048499
v -0.259602 6.015132 -0.167907
v -0.353554 5.921385 -0.249142
v -0.474638 5.802123 -0.267046
v -0.576603 5.702899 -0.214781
v -0.620502 5.661613 -0.112310
v -0.589568 5.694037 0.001226
v -0.495616 5.787784 0.082460
v -0.374533 5.907047 0.100364
v -0.272568 6.006270 0.048099
v -0.228668 6.047555 -0.054371
v -0.323103 5.743287 -0.166583
v -0.402397 5.836687 -0.237833
v -0.505841 5.952880 -0.250493
v -0.593923 6.047486 -0.199729
v -0.632999 6.084367 -0.104929
v -0.608144 6.049437 -0.002305
v -0.528850 5.956038 0.068945
v -0.425406 5.839844 0.081605
v -0.337323 5.745238 0.030841
v -0.298247 5.708357 -0.063959
v -0.266164 5.767926 -0.170267
v -0.352921 5.870118 -0.248223
v -0.466102 5.997249 -0.262076
v -0.562475 6.100759 -0.206533
v -0.605229 6.141112 -0.102810
v -0.578034 6.102894 0.009474
v -0.491277 6.000702 0.087430
v -0.378096 5.873572 0.101283
v -0.281723 5.770061 0.045740
v -0.238968 5.729708 -0.057983
v -0.225271 5.745195 -0.186640
v -0.328799 5.867140 -0.279666
v -0.463858 6.018847 -0.296196
v -0.578861 6.142366 -0.229916
v -0.629880 6.190520 -0.106143
v -0.597428 6.144914 0.027846
v -0.493900 6.022968 0.120872
v -0.358840 5.871262 0.137402
v -0.243837 5.747742 0.071123
v -0.192818 5.699589 -0.052650
v -0.231217 5.692209 -0.203372
v -0.348195 5.829997 -0.308483
v -0.500800 6.001410 -0.327161
v -0.630742 6.140976 -0.252271
v -0.688389 6.195385 -0.112419
v -0.651721 6.143855 0.038977
v -0.534743 6.006067 0.144088
v -0.382139 5.834654 0.162765
v -0.252196 5.695087 0.087875
v -0.194549 5.640678 -0.051977
v -0.279526 5.648869 -0.207865
v -0.396503 5.786656 -0.312976
v -0.549108 5.958070 -0.331653
v -0.679051 6.097637 -0.256763
v -0.736698 6.152045 -0.116911
v -0.700029 6.100514 0.034484
v -0.583052 5.962728 0.139595
v -0.430447 5.791314 0.158273
v -0.300504 5.651747 0.083383
v -0.242857 5.597339 -0.056469
v -0.333819 5.647810 -0.196734
v -0.437347 5.769756 -0.289760
v -0.572406 5.921462 -0.306290
v -0.687409 6.044982 -0.240011
v -0.738428 6.093135 -0.116238
v -0.705976 6.047529 0.017752
v -0.602448 5.925584 0.110778
v -0.467388 5.773878 0.127308
v -0.352385 5.650358 0.061028
v -0.301366 5.602204 -0.062745
v -0.353212 5.689830 -0.178362
v -0.439970 5.792022 -0.256318
v -0.553151 5.919152 -0.270171
v -0.649524 6.022663 -0.214628
v -0.692278 6.063016 -0.110905
v -0.665083 6.024797 0.001379
v -0.578326 5.922606 0.079335
v -0.465145 5.795475 0.093188
v -0.368771 5.691965 0.037645
v -0.326017 5.651612 -0.066078
v -2.272947 6.232433 -0.372566
v -2.298787 6.098580 -0.499434
v -2.365978 5.932587 -0.552967
v -2.448856 5.797857 -0.512719
v -2.515763 5.745852 -0.394061
v -2.541145 5.796437 -0.242318
v -2.515305 5.930290 -0.115449
v -2.448114 6.096283 -0.061916
v -2.365236 6.231013 -0.102165
v -2.298328 6.283018 -0.220823
v -2.313432 6.271816 -0.401318
v -2.341704 6.125364 -0.540128
v -2.415219 5.943746 -0.598700
v -2.505898 5.796334 -0.554663
v -2.579104 5.739434 -0.424836
v -2.606874 5.794781 -0.258810
v -2.578602 5.941233 -0.120000
v -2.505086 6.122850 -0.061427
v -2.414408 6.270263 -0.105465
v -2.341202 6.327162 -0.235291
v -2.298186 6.322582 -0.420679
v -2.331923 6.147820 -0.586322
v -2.419650 5.931094 -0.656217
v -2.527857 5.755186 -0.603667
v -2.615214 5.687287 -0.448744
v -2.648353 5.753332 -0.250623
v -2.614615 5.928094 -0.084980
v -2.526889 6.144821 -0.015085
v -2.418681 6.320728 -0.067635
v -2.331324 6.388627 -0.222558
v -2.238690 6.346503 -0.416070
v -2.276810 6.149038 -0.603231
v -2.375933 5.904158 -0.682206
v -2.498198 5.705398 -0.622829
v -2.596903 5.628678 -0.447780
v -2.634346 5.703303 -0.223922
v -2.596226 5.900768 -0.036761
v -2.497103 6.145649 0.042214
v -2.374838 6.344409 -0.017163
v -2.276133 6.421128 -0.192212
v -2.179745 6.325566 -0.390961
v -2.217865 6.128101 -0.578122
v -2.316988 5.883221 -0.657097
v -2.439253 5.684461 -0.597720
v -2.537958 5.607741 -0.422672
v -2.575402 5.682366 -0.198813
v -2.537282 5.879832 -0.011652
v -2.438159 6.124712 0.067323
v -2.315894 6.323472 0.007946
v -2.217189 6.400191 -0.167103
v -2.165739 6.275537 -0.364260
v -2.199476 6.100775 -0.529903
v -2.287203 5.884049 -0.599798
v -2.395411 5.708141 -0.547248
v -2.482767 5.640243 -0.392325
v -2.515906 5.706287 -0.194204
v -2.482169 5.881050 -0.028562
v -2.394442 6.097776 0.041334
v -2.286234 6.273684 -0.011217
v -2.198878 6.341582 -0.166140
v -2.207217 6.234089 -0.356074
v -2.235490 6.087637 -0.494884
v -2.309005 5.906019 -0.553456
v -2.399684 5.758607 -0.509419
v -2.472890 5.701707 -0.379592
v -2.500660 5.757054 -0.213565
v -2.472388 5.903506 -0.074756
v -2.398872 6.085124 -0.016183
v -2.308194 6.232535 -0.060220
v -2.234988 6.289435 -0.190047
v -2.221651 5.957510 -0.473472
v -2.341047 6.038790 -0.616189
v -2.515265 6.148352 -0.662402
v -2.677759 6.244347 -0.594459
v -2.766463 6.290108 -0.438312
v -2.747494 6.268156 -0.253604
v -2.628098 6.186876 -0.110887
v -2.453880 6.077314 -0.064674
v -2.291386 5.981319 -0.132617
v -2.202682 5.935558 -0.288764
v -2.148149 5.978631 -0.471412
v -2.278784 6.067562 -0.627563
v -2.469400 6.187437 -0.678126
v -2.647190 6.292468 -0.603787
v -2.744243 6.342536 -0.432943
v -2.723489 6.318518 -0.230849
v -2.592854 6.229587 -0.074698
v -2.402238 6.109712 -0.024135
v -2.224448 6.004682 -0.098473
v -2.127395 5.954613 -0.269318
v -2.080500 5.954608 -0.491599
v -2.236387 6.060730 -0.677935
v -2.463850 6.203777 -0.738272
v -2.676008 6.329110 -0.649563
v -2.791822 6.388857 -0.445693
v -2.767056 6.360196 -0.204533
v -2.611169 6.254075 -0.018197
v -2.383705 6.111027 0.042140
v -2.171548 5.985693 -0.046569
v -2.055733 5.925947 -0.250439
v -2.069643 5.903529 -0.518831
v -2.245781 6.023437 -0.729374
v -2.502795 6.185067 -0.797549
v -2.742513 6.326683 -0.697317
v -2.873373 6.394191 -0.466962
v -2.845389 6.361807 -0.194473
v -2.669251 6.241899 0.016069
v -2.412238 6.080269 0.084244
v -2.172519 5.938653 -0.015988
v -2.041660 5.871145 -0.246342
v -2.123756 5.863860 -0.532602
v -2.299893 5.983767 -0.743145
v -2.556907 6.145398 -0.811320
v -2.796626 6.287013 -0.711088
v -2.927485 6.354521 -0.480733
v -2.899502 6.322137 -0.208244
v -2.723364 6.202229 0.002298
v -2.466350 6.040599 0.070473
v -2.226632 5.898983 -0.029759
v -2.095772 5.831475 -0.260113
v -2.202089 5.865470 -0.522542
v -2.357975 5.971592 -0.708878
v -2.585440 6.114639 -0.769215
v -2.797597 6.239973 -0.680507
v -2.913411 6.299720 -0.476637
v -2.888645 6.271059 -0.235476
v -2.732759 6.164937 -0.049141
v -2.505294 6.021890 0.011196
v -2.293137 5.896556 -0.077512
v -2.177322 5.836809 -0.281382
v -2.245656 5.907149 -0.496227
v -2.376291 5.996079 -0.652377
v -2.566907 6.115954 -0.702940
v -2.744697 6.220984 -0.628602
v -2.841750 6.271053 -0.457757
v -2.820996 6.247035 -0.255663
v -2.690361 6.158104 -0.099513
v -2.499745 6.038229 -0.048950
v -2.321955 5.933199 -0.123288
v -2.224902 5.883131 -0.294132
v 1.586074 5.742099 0.284456
v 1.479349 5.660469 0.155514
v 1.316526 5.590496 0.096128
v 1.159797 5.558908 0.128981
v 1.069029 5.577770 0.241525
v 1.078891 5.639878 0.390771
v 1.185616 5.721509 0.519713
v 1.348439 5.791481 0.579099
v 1.505167 5.823069 0.546245
v 1.595936 5.804207 0.433702
v 1.588188 5.796816 0.252546
v 1.471417 5.707502 0.111467
v 1.293268 5.630943 0.046491
v 1.121787 5.596382 0.082437
v 1.022475 5.617020 0.205574
v 1.033264 5.684974 0.368868
v 1.150035 5.774288 0.509947
v 1.328185 5.850847 0.574923
v 1.499666 5.885408 0.538977
v 1.598978 5.864770 0.415840
v 1.636450 5.819952 0.234657
v 1.497107 5.713373 0.066307
v 1.284520 5.622015 -0.011229
v 1.079890 5.580772 0.031665
v 0.961380 5.605400 0.178605
v 0.974256 5.686490 0.373466
v 1.113599 5.793069 0.541816
v 1.326186 5.884427 0.619352
v 1.530816 5.925670 0.576458
v 1.649326 5.901042 0.429518
v 1.694518 5.794085 0.244261
v 1.537073 5.673660 0.054041
v 1.296869 5.570434 -0.033568
v 1.065656 5.523834 0.014898
v 0.931751 5.551660 0.180927
v 0.946299 5.643284 0.401102
v 1.103745 5.763709 0.591322
v 1.343949 5.866936 0.678931
v 1.575161 5.913536 0.630464
v 1.709067 5.885709 0.464435
v 1.718666 5.738692 0.274125
v 1.561220 5.618268 0.083904
v 1.321016 5.515041 -0.003704
v 1.089804 5.468441 0.044762
v 0.955898 5.496268 0.210791
v 0.970447 5.587892 0.430965
v 1.127892 5.708317 0.621186
v 1.368096 5.811543 0.708794
v 1.599308 5.858143 0.660328
v 1.733214 5.830317 0.494299
v 1.690709 5.695487 0.301761
v 1.551365 5.588908 0.133410
v 1.338778 5.497550 0.055874
v 1.134149 5.456307 0.098768
v 1.015639 5.480935 0.245709
v 1.028515 5.562025 0.440569
v 1.167858 5.668604 0.608919
v 1.380445 5.759962 0.686455
v 1.585075 5.801204 0.643561
v 1.703585 5.776577 0.496621
v 1.631700 5.697003 0.306358
v 1.514929 5.607689 0.165280
v 1.336780 5.531130 0.100304
v 1.165299 5.496569 0.136249
v 1.065987 5.517207 0.259386
v 1.076777 5.585161 0.422681
v 1.193548 5.674475 0.563759
v 1.371697 5.751034 0.628735
v 1.543178 5.785595 0.592790
v 1.642490 5.764957 0.469653
v 1.457257 5.503370 0.310370
v 1.426961 5.577343 0.156617
v 1.373115 5.706340 0.093187
v 1.316286 5.841091 0.144308
v 1.278181 5.930123 0.290453
v 1.273355 5.939431 0.475801
v 1.303652 5.865458 0.629554
v 1.357498 5.736461 0.692985
v 1.414327 5.601710 0.641864
v 1.452432 5.512678 0.495718
v 1.516536 5.500499 0.309857
v 1.483388 5.581435 0.141631
v 1.424473 5.722575 0.072230
v 1.362295 5.870008 0.128163
v 1.320604 5.967422 0.288065
v 1.315324 5.977606 0.490859
v 1.348472 5.896670 0.659085
v 1.407387 5.755530 0.728486
v 1.469565 5.608096 0.672553
v 1.511256 5.510683 0.512651
v 1.548487 5.458745 0.294158
v 1.508931 5.555326 0.093413
v 1.438627 5.723749 0.010597
v 1.364430 5.899683 0.077342
v 1.314680 6.015927 0.268154
v 1.308379 6.028079 0.510150
v 1.347935 5.931499 0.710895
v 1.418238 5.763075 0.793711
v 1.492436 5.587141 0.726966
v 1.542186 5.470898 0.536154
v 1.529050 5.409549 0.275096
v 1.484356 5.518676 0.048273
v 1.404919 5.708979 -0.045302
v 1.321083 5.907768 0.030114
v 1.264869 6.039113 0.245714
v 1.257750 6.052845 0.519147
v 1.302445 5.943717 0.745970
v 1.381881 5.753414 0.839545
v 1.465718 5.554625 0.764129
v 1.521931 5.423280 0.548529
v 1.472862 5.389957 0.267025
v 1.428168 5.499084 0.040201
v 1.348731 5.689387 -0.053374
v 1.264895 5.888176 0.022042
v 1.208681 6.019521 0.237643
v 1.201562 6.033252 0.511075
v 1.246257 5.924125 0.737898
v 1.325693 5.733822 0.831474
v 1.409530 5.535033 0.756058
v 1.465743 5.403688 0.540457
v 1.422234 5.414722 0.276022
v 1.382678 5.511302 0.075277
v 1.312374 5.679726 -0.007540
v 1.238177 5.855660 0.059205
v 1.188426 5.971904 0.250018
v 1.182126 5.984056 0.492013
v 1.221682 5.887475 0.692758
v 1.291985 5.719052 0.775575
v 1.366183 5.543118 0.708829
v 1.415933 5.426874 0.518017
v 1.415289 5.465196 0.295312
v 1.382141 5.546131 0.127087
v 1.323226 5.687271 0.057686
v 1.261048 5.834705 0.113619
v 1.219357 5.932118 0.273521
v 1.214077 5.942302 0.476315
v 1.247225 5.861366 0.644540
v 1.306140 5.720226 0.713941
v 1.368318 5.572793 0.658008
v 1.410009 5.475379 0.498106
v -0.410113 3.392519 -0.175624
v -0.570530 3.326062 -0.263211
v -0.776495 3.242297 -0.282516
v -0.949336 3.173218 -0.226163
v -1.023035 3.145211 -0.115679
v -0.969440 3.168975 0.006736
v -0.809023 3.235432 0.094324
v -0.603058 3.319198 0.113628
v -0.430216 3.388277 0.057275
v -0.356518 3.416283 -0.053209
v -0.415264 3.480732 -0.185508
v -0.590781 3.408020 -0.281340
v -0.816133 3.316369 -0.302461
v -1.005243 3.240788 -0.240804
v -1.085879 3.210145 -0.119920
v -1.027239 3.236146 0.014017
v -0.851722 3.308858 0.109849
v -0.626370 3.400509 0.130970
v -0.437260 3.476090 0.069313
v -0.356625 3.506732 -0.051571
v -0.363889 3.523561 -0.205115
v -0.573334 3.436792 -0.319471
v -0.842248 3.327425 -0.344675
v -1.067915 3.237233 -0.271100
v -1.164137 3.200667 -0.126848
v -1.094162 3.231694 0.032981
v -0.884717 3.318462 0.147337
v -0.615803 3.427830 0.172541
v -0.390136 3.518021 0.098966
v -0.293913 3.554587 -0.045286
v -0.294673 3.488754 -0.219679
v -0.531327 3.390714 -0.348892
v -0.835175 3.267139 -0.377370
v -1.090158 3.165231 -0.294236
v -1.198880 3.123914 -0.131245
v -1.119815 3.158972 0.049347
v -0.883161 3.257012 0.178559
v -0.579313 3.380587 0.207037
v -0.324330 3.482495 0.123904
v -0.215607 3.523811 -0.039087
v -0.259738 3.402523 -0.218235
v -0.496392 3.304482 -0.347447
v -0.800240 3.180908 -0.375925
v -1.055223 3.078999 -0.292792
v -1.163946 3.037683 -0.129801
v -1.084880 3.072741 0.050791
v -0.848226 3.170781 0.180004
v -0.544378 3.294355 0.208482
v -0.289395 3.396264 0.125348
v -0.180673 3.437580 -0.037643
v -0.285391 3.329800 -0.201869
v -0.494836 3.243032 -0.316225
v -0.763750 3.133665 -0.341429
v -0.989417 3.043473 -0.267854
v -1.085639 3.006907 -0.123602
v -1.015664 3.037934 0.036227
v -0.806219 3.124702 0.150583
v -0.537305 3.234069 0.175787
v -0.311638 3.324261 0.102212
v -0.215416 3.360827 -0.042040
v -0.352314 3.325348 -0.182905
v -0.527831 3.252636 -0.278737
v -0.753183 3.160985 -0.299858
v -0.942293 3.085404 -0.238201
v -1.022928 3.054762 -0.117317
v -0.964288 3.080762 0.016620
v -0.788772 3.153475 0.112452
v -0.563420 3.245125 0.133573
v -0.374309 3.320706 0.071916
v -0.293674 3.351349 -0.048967
v 1.369210 -0.024686 0.299703
v 1.309874 0.089478 0.367030
v 1.239344 0.040110 0.304529
v 1.490936 0.198462 0.257746
v 1.435682 0.168661 0.343636
v 1.495018 0.054498 0.276310
v -2.796000 6.329264 -0.109326
v -2.725470 6.378632 -0.046825
v -2.800082 6.473228 -0.127889
v -2.674274 6.552412 -0.151283
v -2.599661 6.457815 -0.070219
v -2.544408 6.487616 -0.156109
v -2.811280 6.309693 -0.257746
v -2.815362 6.453657 -0.276310
v -2.756027 6.339494 -0.343636
v -2.630219 6.418677 -0.367030
v -2.689554 6.532841 -0.299703
v -2.559688 6.468045 -0.304529
v 1.224064 0.020539 0.156109
v 1.279317 0.050339 0.070219
v 1.353929 -0.044257 0.151283
v 1.479738 0.034927 0.127889
v 1.405125 0.129523 0.046825
v 1.475655 0.178891 0.109326
v -1.610825 5.055703 0.017804
v -1.666078 5.025903 0.103693
v -1.791887 4.946719 0.127087
v -1.862417 4.897351 0.064586
v -1.877697 4.877780 -0.083834
v -1.822444 4.907580 -0.169724
v -1.696635 4.986764 -0.193117
v -1.626105 5.036132 -0.130617
v -0.514955 3.249679 -0.201829
v -0.585485 3.200311 -0.264330
v -0.711293 3.121128 -0.240937
v -0.766546 3.091327 -0.155047
v -0.751266 3.110898 -0.006627
v -0.680736 3.160266 0.055874
v -0.554928 3.239450 0.032481
v -0.499675 3.269250 -0.053409
v 0.924866 1.356759 0.163289
v 0.869612 1.326959 0.249179
v 0.743804 1.247775 0.272572
v 0.673274 1.198407 0.210071
v 0.657994 1.178836 0.061651
v 0.713247 1.208637 -0.024239
v 0.839055 1.287820 -0.047632
v 0.909585 1.337188 0.014869
vt 0.219802 0.964390
vt 0.221598 0.958187
vt 0.226203 0.958315
vt 0.224238 0.965102
vt 0.216691 0.964613
vt 0.218656 0.957826
vt 0.220019 0.952457
vt 0.224476 0.952046
vt 0.229003 0.958114
vt 0.226658 0.966213
vt 0.215317 0.968697
vt 0.219331 0.969814
vt 0.216929 0.951557
vt 0.226942 0.950633
vt 0.220803 0.971835
vt 0.219716 0.948689
vt 0.221262 0.946627
vt 0.017125 0.962090
vt 0.019186 0.969571
vt 0.015344 0.970584
vt 0.013015 0.962131
vt 0.011156 0.970312
vt 0.008827 0.961859
vt 0.019470 0.953991
vt 0.015665 0.952980
vt 0.011477 0.952708
vt 0.025326 0.948368
vt 0.022281 0.946627
vt 0.015562 0.980099
vt 0.018212 0.989249
vt 0.014024 0.989521
vt 0.011374 0.980370
vt 0.015883 0.997702
vt 0.011695 0.997974
vt 0.009914 0.989480
vt 0.007569 0.981382
vt 0.007853 0.996961
vt 0.004758 0.974017
vt 0.001714 0.975759
vt 0.201119 0.965102
vt 0.199154 0.958315
vt 0.203759 0.958187
vt 0.205555 0.964390
vt 0.198698 0.966213
vt 0.196354 0.958114
vt 0.200881 0.952046
vt 0.205338 0.952457
vt 0.206701 0.957826
vt 0.208666 0.964613
vt 0.206026 0.969814
vt 0.210040 0.968697
vt 0.198415 0.950633
vt 0.204554 0.971835
vt 0.208428 0.951557
vt 0.204095 0.946627
vt 0.205641 0.948689
vt 0.367017 0.002022
vt 0.366262 0.007879
vt 0.358755 0.007849
vt 0.359510 0.001992
vt 0.370889 0.007461
vt 0.369251 0.063082
vt 0.361744 0.063053
vt 0.355876 0.007402
vt 0.373878 0.062665
vt 0.364321 0.168192
vt 0.356814 0.168163
vt 0.358866 0.062605
vt 0.368948 0.167775
vt 0.375802 0.259792
vt 0.368295 0.259762
vt 0.353936 0.167715
vt 0.380429 0.259374
vt 0.373456 0.334736
vt 0.365949 0.334707
vt 0.365417 0.259315
vt 0.378083 0.334319
vt 0.374450 0.339729
vt 0.366943 0.339699
vt 0.363071 0.334260
vt 0.391767 0.339729
vt 0.391012 0.333871
vt 0.398519 0.333842
vt 0.399274 0.339699
vt 0.388134 0.334319
vt 0.388666 0.258927
vt 0.396173 0.258897
vt 0.403147 0.334260
vt 0.385788 0.259374
vt 0.400147 0.167327
vt 0.407654 0.167298
vt 0.400801 0.259315
vt 0.397269 0.167775
vt 0.395217 0.062217
vt 0.402724 0.062188
vt 0.412282 0.167715
vt 0.392339 0.062665
vt 0.398206 0.007014
vt 0.405714 0.006984
vt 0.407352 0.062605
vt 0.395328 0.007461
vt 0.399201 0.002022
vt 0.406708 0.001992
vt 0.410341 0.007402
vt 0.517076 0.342295
vt 0.518300 0.349091
vt 0.510808 0.350565
vt 0.509584 0.343769
vt 0.521165 0.345989
vt 0.520086 0.390138
vt 0.512594 0.391612
vt 0.506182 0.348936
vt 0.507822 0.339037
vt 0.515314 0.337564
vt 0.523000 0.481109
vt 0.515508 0.482582
vt 0.507968 0.389983
vt 0.538249 0.554028
vt 0.530757 0.555502
vt 0.510882 0.480954
vt 0.539011 0.616032
vt 0.531518 0.617506
vt 0.526131 0.553873
vt 0.526892 0.615877
vt 0.471477 0.613830
vt 0.472702 0.607034
vt 0.480194 0.608508
vt 0.478970 0.615304
vt 0.468076 0.608663
vt 0.473463 0.545031
vt 0.480956 0.546504
vt 0.483059 0.611610
vt 0.469716 0.618562
vt 0.477208 0.620035
vt 0.468837 0.546659
vt 0.488712 0.472111
vt 0.496204 0.473585
vt 0.484086 0.473740
vt 0.491626 0.381140
vt 0.499118 0.382614
vt 0.487000 0.382769
vt 0.493412 0.340093
vt 0.500904 0.341567
vt 0.488786 0.341722
vt 0.640297 0.757082
vt 0.647936 0.756872
vt 0.647906 0.764379
vt 0.640267 0.764589
vt 0.639442 0.751878
vt 0.647081 0.751668
vt 0.635609 0.755736
vt 0.635579 0.763243
vt 0.617138 0.756872
vt 0.624777 0.757082
vt 0.624807 0.764589
vt 0.617168 0.764379
vt 0.617993 0.751668
vt 0.625632 0.751878
vt 0.629495 0.763243
vt 0.629465 0.755736
vt 0.549872 0.738256
vt 0.554671 0.736323
vt 0.555193 0.739132
vt 0.549943 0.741247
vt 0.556481 0.741163
vt 0.550216 0.743687
vt 0.544555 0.736738
vt 0.544126 0.739586
vt 0.557871 0.734048
vt 0.559677 0.735097
vt 0.543275 0.741705
vt 0.540751 0.732348
vt 0.539964 0.734783
vt 0.556954 0.727938
vt 0.558582 0.727805
vt 0.538308 0.735973
vt 0.552792 0.723135
vt 0.553616 0.722073
vt 0.539047 0.728672
vt 0.537213 0.728681
vt 0.554326 0.719317
vt 0.559938 0.725793
vt 0.541725 0.723589
vt 0.540409 0.722615
vt 0.546674 0.720091
vt 0.546483 0.717077
vt 0.535793 0.726783
vt 0.539404 0.719929
vt 0.546546 0.714701
vt 0.554389 0.716941
vt 0.539467 0.717553
vt 0.517060 0.693531
vt 0.509981 0.690679
vt 0.510986 0.687993
vt 0.517251 0.690517
vt 0.517123 0.695906
vt 0.510044 0.693054
vt 0.506371 0.683824
vt 0.507791 0.681926
vt 0.524904 0.691291
vt 0.524193 0.688534
vt 0.524967 0.693667
vt 0.509624 0.681935
vt 0.512302 0.687019
vt 0.530516 0.684814
vt 0.529160 0.682803
vt 0.508885 0.674634
vt 0.510542 0.675824
vt 0.523369 0.687473
vt 0.527532 0.682670
vt 0.513852 0.668902
vt 0.514704 0.671021
vt 0.530254 0.675511
vt 0.528449 0.676559
vt 0.520794 0.666920
vt 0.520521 0.669360
vt 0.515133 0.673869
vt 0.511329 0.678259
vt 0.527059 0.669444
vt 0.525771 0.671475
vt 0.520450 0.672351
vt 0.525248 0.674284
vt 0.608354 0.738060
vt 0.613211 0.736171
vt 0.613560 0.738900
vt 0.608245 0.740968
vt 0.614758 0.741032
vt 0.608416 0.743499
vt 0.603096 0.736271
vt 0.602492 0.739010
vt 0.616405 0.733597
vt 0.618154 0.734703
vt 0.601551 0.741163
vt 0.599445 0.731485
vt 0.598498 0.733774
vt 0.615696 0.727083
vt 0.617307 0.726931
vt 0.596785 0.734915
vt 0.611701 0.721847
vt 0.612540 0.720683
vt 0.597788 0.727260
vt 0.595938 0.727142
vt 0.605948 0.719889
vt 0.605675 0.718346
vt 0.613398 0.717968
vt 0.618783 0.725028
vt 0.600634 0.721957
vt 0.599334 0.720813
vt 0.605641 0.715328
vt 0.594638 0.725266
vt 0.598475 0.718115
vt 0.605871 0.713107
vt 0.613628 0.715747
vt 0.598705 0.715895
vt 0.576218 0.741279
vt 0.569053 0.738491
vt 0.569911 0.735793
vt 0.576253 0.738261
vt 0.576448 0.743499
vt 0.569283 0.740712
vt 0.565216 0.731340
vt 0.566515 0.729465
vt 0.571212 0.734650
vt 0.576526 0.736717
vt 0.583975 0.738639
vt 0.583118 0.735924
vt 0.584205 0.740859
vt 0.568366 0.729346
vt 0.582279 0.734759
vt 0.589361 0.731579
vt 0.587884 0.729676
vt 0.567362 0.721692
vt 0.569076 0.722833
vt 0.586273 0.729523
vt 0.572128 0.715444
vt 0.573070 0.717597
vt 0.588731 0.721903
vt 0.586983 0.723010
vt 0.578993 0.713107
vt 0.578823 0.715639
vt 0.573673 0.720336
vt 0.570023 0.725121
vt 0.585335 0.715574
vt 0.584137 0.717706
vt 0.578931 0.718546
vt 0.583788 0.720436
vt 0.631468 0.698584
vt 0.638580 0.706087
vt 0.637588 0.708688
vt 0.629101 0.699734
vt 0.633553 0.697212
vt 0.640054 0.704070
vt 0.647087 0.708923
vt 0.647739 0.712072
vt 0.628467 0.689278
vt 0.625520 0.688630
vt 0.647828 0.706661
vt 0.630810 0.688707
vt 0.653739 0.706008
vt 0.655677 0.708593
vt 0.630724 0.681726
vt 0.628213 0.679617
vt 0.632873 0.681804
vt 0.655995 0.698455
vt 0.658369 0.699581
vt 0.658263 0.709807
vt 0.649294 0.713738
vt 0.637375 0.678810
vt 0.636150 0.676138
vt 0.652994 0.689150
vt 0.654788 0.688476
vt 0.661305 0.699623
vt 0.627231 0.677066
vt 0.636200 0.673136
vt 0.645882 0.681646
vt 0.646301 0.679522
vt 0.657259 0.687076
vt 0.647669 0.676959
vt 0.699170 0.699797
vt 0.689581 0.709914
vt 0.688213 0.707351
vt 0.696700 0.698397
vt 0.678111 0.713738
vt 0.678062 0.710735
vt 0.687793 0.705227
vt 0.694905 0.697724
vt 0.703216 0.687250
vt 0.700281 0.687293
vt 0.669142 0.709807
vt 0.670124 0.707256
vt 0.679287 0.708063
vt 0.697906 0.688418
vt 0.700174 0.677066
vt 0.697588 0.678280
vt 0.672635 0.705148
vt 0.695650 0.680865
vt 0.691205 0.673136
vt 0.689651 0.674801
vt 0.667432 0.698243
vt 0.670379 0.697595
vt 0.688998 0.677950
vt 0.671013 0.687139
vt 0.673380 0.688289
vt 0.672722 0.698166
vt 0.674784 0.705070
vt 0.679500 0.678185
vt 0.680492 0.680786
vt 0.675465 0.689662
vt 0.689739 0.680212
vt 0.681965 0.682804
vt 0.744284 0.697968
vt 0.745409 0.688504
vt 0.748095 0.688779
vt 0.746864 0.699134
vt 0.743064 0.680504
vt 0.745530 0.680026
vt 0.750468 0.688126
vt 0.749000 0.700482
vt 0.740120 0.705280
vt 0.742308 0.707134
vt 0.747407 0.677681
vt 0.743563 0.710029
vt 0.740148 0.676217
vt 0.740986 0.673136
vt 0.736166 0.709725
vt 0.736233 0.713121
vt 0.402564 0.672482
vt 0.397126 0.682029
vt 0.394509 0.680634
vt 0.400653 0.669847
vt 0.395658 0.694385
vt 0.392850 0.694595
vt 0.392477 0.679928
vt 0.398620 0.669141
vt 0.409893 0.669391
vt 0.408934 0.666354
vt 0.398719 0.704831
vt 0.396309 0.706398
vt 0.390817 0.693890
vt 0.405141 0.709376
vt 0.403565 0.711533
vt 0.466536 0.694595
vt 0.463077 0.706398
vt 0.460667 0.704831
vt 0.463728 0.694385
vt 0.455821 0.711533
vt 0.454245 0.709376
vt 0.464877 0.680634
vt 0.462260 0.682029
vt 0.466909 0.679928
vt 0.468568 0.693890
vt 0.458733 0.669847
vt 0.456822 0.672482
vt 0.460766 0.669141
vt 0.450452 0.666354
vt 0.449493 0.669391
vt 0.759887 0.699134
vt 0.758657 0.688779
vt 0.761343 0.688504
vt 0.762468 0.697968
vt 0.757752 0.700482
vt 0.756283 0.688126
vt 0.761222 0.680026
vt 0.763687 0.680504
vt 0.764444 0.707134
vt 0.766632 0.705280
vt 0.759345 0.677681
vt 0.763189 0.710029
vt 0.765766 0.673136
vt 0.766603 0.676217
vt 0.770518 0.713121
vt 0.770586 0.709725
vt 0.103496 0.994304
vt 0.107678 0.987697
vt 0.110482 0.989332
vt 0.105906 0.996561
vt 0.100792 0.993803
vt 0.105368 0.986575
vt 0.110860 0.980050
vt 0.113964 0.980966
vt 0.108849 0.978208
vt 0.111827 0.974284
vt 0.115021 0.974656
vt 0.115822 0.980265
vt 0.111667 0.990249
vt 0.657143 0.729863
vt 0.652988 0.739847
vt 0.650235 0.739728
vt 0.654929 0.728447
vt 0.651726 0.747376
vt 0.648809 0.748235
vt 0.647397 0.738198
vt 0.652091 0.726917
vt 0.662603 0.721238
vt 0.661099 0.718701
vt 0.645971 0.746705
vt 0.658261 0.717171
vt 0.634573 0.726917
vt 0.639268 0.738198
vt 0.636429 0.739728
vt 0.631735 0.728447
vt 0.640693 0.746705
vt 0.637855 0.748235
vt 0.633676 0.739847
vt 0.629521 0.729863
vt 0.628403 0.717171
vt 0.625565 0.718701
vt 0.634938 0.747376
vt 0.624061 0.721238
vt 0.127926 0.989341
vt 0.124444 0.980974
vt 0.127547 0.980059
vt 0.130729 0.987706
vt 0.126740 0.990258
vt 0.122586 0.980274
vt 0.123387 0.974665
vt 0.126581 0.974293
vt 0.129558 0.978217
vt 0.133040 0.986584
vt 0.132502 0.996569
vt 0.134912 0.994313
vt 0.137616 0.993812
vt 0.329739 0.672375
vt 0.322508 0.675931
vt 0.321170 0.673461
vt 0.329799 0.669218
vt 0.318361 0.684551
vt 0.316221 0.683746
vt 0.319292 0.671148
vt 0.329042 0.666354
vt 0.337293 0.675241
vt 0.338813 0.672637
vt 0.318883 0.694941
vt 0.316844 0.696145
vt 0.313701 0.682770
vt 0.339228 0.670218
vt 0.342284 0.683434
vt 0.344769 0.682414
vt 0.323874 0.703134
vt 0.322800 0.705922
vt 0.314404 0.696779
vt 0.345957 0.681264
vt 0.340373 0.683556
vt 0.335811 0.676068
vt 0.342806 0.693824
vt 0.345392 0.694813
vt 0.331428 0.705999
vt 0.331814 0.709341
vt 0.321134 0.707826
vt 0.340850 0.693053
vt 0.338659 0.702444
vt 0.340443 0.705098
vt 0.331319 0.711690
vt 0.337060 0.700931
vt 0.330451 0.704181
vt 0.341070 0.706895
vt 0.383812 0.696779
vt 0.377082 0.707826
vt 0.375416 0.705922
vt 0.381372 0.696145
vt 0.366897 0.711690
vt 0.366402 0.709341
vt 0.374343 0.703134
vt 0.379334 0.694941
vt 0.384516 0.682769
vt 0.381995 0.683746
vt 0.357147 0.706895
vt 0.357773 0.705098
vt 0.366789 0.705999
vt 0.379856 0.684551
vt 0.378924 0.671148
vt 0.377046 0.673461
vt 0.359557 0.702444
vt 0.375709 0.675931
vt 0.369174 0.666354
vt 0.368417 0.669218
vt 0.352824 0.694813
vt 0.355411 0.693824
vt 0.361156 0.700931
vt 0.367766 0.704180
vt 0.368477 0.672375
vt 0.358989 0.670218
vt 0.359403 0.672637
vt 0.353447 0.682414
vt 0.355932 0.683434
vt 0.357366 0.693053
vt 0.360923 0.675241
vt 0.352259 0.681264
vt 0.357843 0.683556
vt 0.362405 0.676068
vt 0.166500 0.988362
vt 0.167717 0.982090
vt 0.172352 0.982006
vt 0.171019 0.988868
vt 0.163058 0.988735
vt 0.164390 0.981873
vt 0.166282 0.976429
vt 0.170782 0.975812
vt 0.174803 0.981684
vt 0.173214 0.989873
vt 0.162820 0.975679
vt 0.172930 0.974293
vt 0.167294 0.993778
vt 0.168768 0.995732
vt 0.126594 0.962274
vt 0.128468 0.969665
vt 0.124779 0.970851
vt 0.122662 0.962500
vt 0.120360 0.970777
vt 0.118243 0.962426
vt 0.128184 0.954085
vt 0.124458 0.953247
vt 0.120040 0.953173
vt 0.132629 0.948226
vt 0.129481 0.946627
vt 0.111170 0.953173
vt 0.112966 0.962426
vt 0.108548 0.962500
vt 0.106752 0.953247
vt 0.110849 0.970777
vt 0.106431 0.970851
vt 0.104615 0.962274
vt 0.103026 0.954085
vt 0.102742 0.969665
vt 0.101728 0.946627
vt 0.098580 0.948226
vt 0.148163 0.988868
vt 0.146831 0.982006
vt 0.151466 0.982090
vt 0.152683 0.988362
vt 0.145969 0.989873
vt 0.144379 0.981684
vt 0.148401 0.975812
vt 0.152900 0.976429
vt 0.154793 0.981873
vt 0.156125 0.988735
vt 0.146253 0.974293
vt 0.150415 0.995732
vt 0.151889 0.993778
vt 0.156363 0.975679
vt 0.422041 0.014428
vt 0.421090 0.007052
vt 0.428695 0.006049
vt 0.429646 0.013425
vt 0.417641 0.012901
vt 0.427496 0.001992
vt 0.419892 0.002995
vt 0.432848 0.010896
vt 0.434485 0.072772
vt 0.426881 0.073775
vt 0.422480 0.072248
vt 0.437688 0.070243
vt 0.445588 0.170761
vt 0.437984 0.171763
vt 0.433583 0.170236
vt 0.448790 0.168231
vt 0.441940 0.262292
vt 0.434335 0.263294
vt 0.429934 0.261767
vt 0.450850 0.335657
vt 0.443246 0.336660
vt 0.438845 0.335133
vt 0.454052 0.333128
vt 0.445142 0.259762
vt 0.471557 0.325227
vt 0.470606 0.332603
vt 0.463001 0.331600
vt 0.463952 0.324224
vt 0.474759 0.327756
vt 0.469407 0.336660
vt 0.461803 0.335657
vt 0.459552 0.325751
vt 0.472863 0.250858
vt 0.480468 0.251861
vt 0.483670 0.254390
vt 0.468462 0.252385
vt 0.469214 0.159327
vt 0.476819 0.160330
vt 0.464814 0.160854
vt 0.480317 0.061339
vt 0.487922 0.062341
vt 0.475917 0.062866
vt 0.485157 0.001992
vt 0.492761 0.002995
vt 0.491124 0.064871
vt 0.480021 0.162860
vt 0.480756 0.003519
vt 0.495964 0.005524
vt 0.498194 0.687356
vt 0.493482 0.678837
vt 0.494471 0.675451
vt 0.500094 0.685618
vt 0.486695 0.676014
vt 0.486373 0.672082
vt 0.499031 0.698317
vt 0.501093 0.698697
vt 0.480426 0.679964
vt 0.478891 0.676796
vt 0.477068 0.689180
vt 0.474885 0.687793
vt 0.477906 0.700141
vt 0.475884 0.700873
vt 0.422411 0.730091
vt 0.427125 0.737573
vt 0.423578 0.738924
vt 0.418251 0.730471
vt 0.438122 0.741579
vt 0.436004 0.743450
vt 0.425780 0.721993
vt 0.422058 0.721320
vt 0.435947 0.716370
vt 0.433545 0.714967
vt 0.412974 0.730471
vt 0.407647 0.738924
vt 0.404100 0.737573
vt 0.408814 0.730091
vt 0.395221 0.743450
vt 0.393103 0.741579
vt 0.409167 0.721320
vt 0.405445 0.721993
vt 0.397680 0.714967
vt 0.395279 0.716370
vt 0.443400 0.728046
vt 0.444399 0.714967
vt 0.446420 0.715699
vt 0.445583 0.726660
vt 0.447406 0.739044
vt 0.448940 0.735876
vt 0.454887 0.743758
vt 0.455210 0.739826
vt 0.462986 0.740388
vt 0.461996 0.737003
vt 0.468609 0.730222
vt 0.466708 0.728483
vt 0.469608 0.717143
vt 0.467546 0.717522
vt 0.343096 0.752163
vt 0.350555 0.750413
vt 0.352313 0.757920
vt 0.344854 0.759670
vt 0.341616 0.748529
vt 0.349075 0.746780
vt 0.345131 0.763542
vt 0.352590 0.761792
vt 0.340524 0.760664
vt 0.324118 0.750843
vt 0.331577 0.752593
vt 0.329819 0.760100
vt 0.322360 0.758350
vt 0.325598 0.747210
vt 0.333057 0.748960
vt 0.322083 0.762223
vt 0.329542 0.763973
vt 0.334149 0.761094
vt 0.371406 0.757137
vt 0.364792 0.757674
vt 0.363724 0.750181
vt 0.370338 0.749645
vt 0.369027 0.761763
vt 0.366891 0.746780
vt 0.363200 0.763524
vt 0.358965 0.759435
vt 0.378474 0.749748
vt 0.385088 0.750285
vt 0.384020 0.757778
vt 0.377406 0.757241
vt 0.381921 0.746884
vt 0.379785 0.761867
vt 0.389847 0.759539
vt 0.385612 0.763628
vt 0.101860 0.003750
vt 0.100304 0.010445
vt 0.092797 0.008688
vt 0.094353 0.001992
vt 0.104162 0.010812
vt 0.085515 0.073330
vt 0.078008 0.071573
vt 0.089149 0.007297
vt 0.089373 0.073697
vt 0.051944 0.191922
vt 0.044437 0.190165
vt 0.074360 0.070182
vt 0.055801 0.192289
vt 0.036916 0.298506
vt 0.029409 0.296748
vt 0.040789 0.188774
vt 0.040774 0.298872
vt 0.012868 0.383014
vt 0.005361 0.381256
vt 0.025761 0.295357
vt 0.016726 0.383380
vt 0.001714 0.379865
vt 0.004015 0.386927
vt 0.203490 0.386927
vt 0.201934 0.380231
vt 0.209441 0.378474
vt 0.210997 0.385169
vt 0.198286 0.381622
vt 0.177886 0.295724
vt 0.185393 0.293966
vt 0.213298 0.378107
vt 0.174238 0.297114
vt 0.162858 0.189140
vt 0.170365 0.187382
vt 0.189250 0.293600
vt 0.159210 0.190531
vt 0.129287 0.070548
vt 0.136794 0.068790
vt 0.174223 0.187016
vt 0.125639 0.071939
vt 0.114498 0.007663
vt 0.122005 0.005906
vt 0.140652 0.068424
vt 0.110850 0.009054
vt 0.125863 0.005539
vt 0.113152 0.001992
vt 0.401273 0.756679
vt 0.403328 0.761477
vt 0.400556 0.762113
vt 0.398306 0.756863
vt 0.398531 0.763429
vt 0.395847 0.757164
vt 0.402721 0.751362
vt 0.399891 0.751046
vt 0.397738 0.750222
vt 0.407121 0.747558
vt 0.404705 0.746884
vt 0.090291 0.957585
vt 0.087607 0.951320
vt 0.090270 0.950237
vt 0.093302 0.957316
vt 0.081373 0.948125
vt 0.083226 0.946627
vt 0.088400 0.964527
vt 0.091165 0.965160
vt 0.082656 0.969494
vt 0.084675 0.970771
vt 0.064166 0.957316
vt 0.067199 0.950237
vt 0.069861 0.951320
vt 0.067177 0.957585
vt 0.074243 0.946627
vt 0.076096 0.948125
vt 0.066303 0.965160
vt 0.069069 0.964527
vt 0.072794 0.970771
vt 0.074813 0.969494
vt 0.423885 0.757164
vt 0.421201 0.763429
vt 0.419176 0.762113
vt 0.421426 0.756863
vt 0.416404 0.761477
vt 0.418459 0.756679
vt 0.421994 0.750222
vt 0.419841 0.751046
vt 0.417011 0.751362
vt 0.415027 0.746884
vt 0.412611 0.747558
vt 0.558769 0.752741
vt 0.556767 0.747884
vt 0.559616 0.747121
vt 0.561806 0.752435
vt 0.557496 0.757999
vt 0.560413 0.758188
vt 0.553433 0.761650
vt 0.555968 0.762182
vt 0.050382 0.959447
vt 0.052996 0.965789
vt 0.050338 0.966934
vt 0.047385 0.959769
vt 0.058889 0.969185
vt 0.056996 0.970771
vt 0.052045 0.952582
vt 0.049263 0.952012
vt 0.057349 0.947816
vt 0.055257 0.946627
vt 0.042107 0.959769
vt 0.039154 0.966934
vt 0.036495 0.965789
vt 0.039109 0.959447
vt 0.032496 0.970771
vt 0.030603 0.969185
vt 0.040228 0.952012
vt 0.037447 0.952582
vt 0.034235 0.946627
vt 0.032142 0.947816
vt 0.568521 0.752247
vt 0.570712 0.746933
vt 0.573560 0.747696
vt 0.571558 0.752553
vt 0.569914 0.758000
vt 0.572832 0.757811
vt 0.574359 0.761994
vt 0.576894 0.761462
vt 0.071931 0.988480
vt 0.075359 0.994559
vt 0.072436 0.996708
vt 0.068686 0.990057
vt 0.074128 0.987738
vt 0.077878 0.994390
vt 0.070630 0.980705
vt 0.067263 0.981550
vt 0.071954 0.974205
vt 0.068711 0.974438
vt 0.687082 0.739132
vt 0.685384 0.728981
vt 0.688211 0.727426
vt 0.690130 0.738896
vt 0.691232 0.726140
vt 0.693150 0.737610
vt 0.685353 0.747619
vt 0.688177 0.748485
vt 0.683154 0.718458
vt 0.686174 0.717171
vt 0.691197 0.747199
vt 0.669799 0.726140
vt 0.674857 0.717171
vt 0.677877 0.718458
vt 0.672819 0.727426
vt 0.667881 0.737609
vt 0.670901 0.738896
vt 0.675647 0.728981
vt 0.673949 0.739132
vt 0.669834 0.747199
vt 0.672854 0.748485
vt 0.675678 0.747619
vt 0.093220 0.990136
vt 0.089469 0.996788
vt 0.086547 0.994639
vt 0.089975 0.988559
vt 0.084027 0.994470
vt 0.087778 0.987818
vt 0.094643 0.981629
vt 0.091275 0.980784
vt 0.093194 0.974517
vt 0.089951 0.974284
vt 0.723008 0.690090
vt 0.718464 0.682089
vt 0.721893 0.680340
vt 0.726866 0.689093
vt 0.710138 0.678608
vt 0.712784 0.676531
vt 0.724604 0.677681
vt 0.730537 0.688126
vt 0.722036 0.699553
vt 0.725802 0.699448
vt 0.713733 0.673136
vt 0.729269 0.700482
vt 0.715919 0.706866
vt 0.719109 0.707448
vt 0.721281 0.710029
vt 0.709343 0.710039
vt 0.709627 0.713121
vt 0.428849 0.703951
vt 0.439719 0.708496
vt 0.437724 0.711533
vt 0.425441 0.706398
vt 0.422915 0.693506
vt 0.418737 0.694595
vt 0.422669 0.707103
vt 0.415964 0.695301
vt 0.424184 0.681149
vt 0.420170 0.680634
vt 0.432171 0.671602
vt 0.429195 0.669847
vt 0.443825 0.668511
vt 0.442363 0.666354
vt 0.502501 0.652416
vt 0.495796 0.664218
vt 0.493024 0.663513
vt 0.499729 0.651710
vt 0.489616 0.661066
vt 0.495550 0.650621
vt 0.480742 0.668648
vt 0.478746 0.665611
vt 0.498295 0.637749
vt 0.494281 0.638265
vt 0.489270 0.626962
vt 0.486294 0.628717
vt 0.476102 0.623469
vt 0.474640 0.625626
vt 0.782335 0.677681
vt 0.793205 0.673136
vt 0.794154 0.676531
vt 0.785045 0.680340
vt 0.796800 0.678608
vt 0.788475 0.682089
vt 0.776401 0.688126
vt 0.780072 0.689093
vt 0.783930 0.690090
vt 0.777670 0.700482
vt 0.781136 0.699448
vt 0.784902 0.699553
vt 0.785657 0.710029
vt 0.787829 0.707448
vt 0.791019 0.706866
vt 0.797311 0.713121
vt 0.797595 0.710039
vt 0.825635 0.705929
vt 0.831401 0.701278
vt 0.833786 0.703225
vt 0.827477 0.708314
vt 0.833084 0.693248
vt 0.835628 0.694439
vt 0.836387 0.705372
vt 0.828859 0.711444
vt 0.830042 0.684905
vt 0.832299 0.685312
vt 0.838585 0.694888
vt 0.819110 0.707761
vt 0.818875 0.710784
vt 0.834612 0.683996
vt 0.811882 0.701778
vt 0.810249 0.703645
vt 0.825070 0.679329
vt 0.825987 0.676856
vt 0.808553 0.692650
vt 0.806277 0.692753
vt 0.825495 0.673881
vt 0.835241 0.681948
vt 0.807713 0.704150
vt 0.803224 0.691843
vt 0.810395 0.683864
vt 0.808474 0.682268
vt 0.816003 0.676196
vt 0.814214 0.673136
vt 0.805707 0.679996
vt 0.816704 0.678776
vt 0.823105 0.734479
vt 0.827594 0.722172
vt 0.830130 0.722677
vt 0.826158 0.733569
vt 0.831763 0.724543
vt 0.828434 0.733671
vt 0.825588 0.746325
vt 0.828355 0.744053
vt 0.838756 0.715537
vt 0.838992 0.718561
vt 0.830276 0.742457
vt 0.834095 0.753186
vt 0.835884 0.750125
vt 0.848740 0.714877
vt 0.847358 0.718008
vt 0.836585 0.747546
vt 0.845376 0.752441
vt 0.845868 0.749465
vt 0.856269 0.720949
vt 0.853667 0.723096
vt 0.855122 0.744374
vt 0.854494 0.742326
vt 0.858466 0.731434
vt 0.855509 0.731882
vt 0.851282 0.725044
vt 0.845516 0.720393
vt 0.844952 0.746993
vt 0.852180 0.741010
vt 0.852966 0.733074
vt 0.849923 0.741416
vt 0.337542 0.741558
vt 0.339094 0.733680
vt 0.342131 0.733706
vt 0.340433 0.742326
vt 0.338847 0.724183
vt 0.341861 0.723316
vt 0.336894 0.716695
vt 0.339724 0.715123
vt 0.815801 0.726960
vt 0.816124 0.739359
vt 0.813572 0.740509
vt 0.813207 0.726499
vt 0.810693 0.740922
vt 0.810328 0.726913
vt 0.817828 0.716675
vt 0.815497 0.714878
vt 0.816452 0.751555
vt 0.813573 0.751969
vt 0.812618 0.715291
vt 0.802761 0.716968
vt 0.805051 0.728589
vt 0.802172 0.728176
vt 0.799882 0.716554
vt 0.804686 0.742599
vt 0.801807 0.742185
vt 0.799578 0.728637
vt 0.797551 0.718351
vt 0.801806 0.753645
vt 0.798927 0.753232
vt 0.799255 0.741036
vt 0.326651 0.723316
vt 0.328787 0.715123
vt 0.331617 0.716695
vt 0.329664 0.724183
vt 0.326380 0.733706
vt 0.329417 0.733680
vt 0.328078 0.742325
vt 0.330969 0.741558
vt 0.269395 0.697122
vt 0.268312 0.685576
vt 0.270266 0.684682
vt 0.271558 0.698460
vt 0.266236 0.706811
vt 0.267788 0.710023
vt 0.260042 0.710943
vt 0.260397 0.714953
vt 0.253179 0.707938
vt 0.252208 0.711367
vt 0.248269 0.698946
vt 0.246349 0.700636
vt 0.247187 0.687400
vt 0.245057 0.686858
vt 0.250346 0.677710
vt 0.248827 0.675296
vt 0.243290 0.684988
vt 0.247549 0.671924
vt 0.256218 0.670366
vt 0.255900 0.666354
vt 0.264407 0.673951
vt 0.265153 0.670405
vt 0.271774 0.682530
vt 0.291106 0.714953
vt 0.282755 0.709382
vt 0.284032 0.706010
vt 0.291423 0.710940
vt 0.278495 0.696318
vt 0.280263 0.694448
vt 0.300359 0.710902
vt 0.299612 0.707355
vt 0.282393 0.693907
vt 0.285552 0.703596
vt 0.306979 0.698776
vt 0.305472 0.696624
vt 0.281554 0.680670
vt 0.283475 0.682361
vt 0.287413 0.669939
vt 0.288385 0.673368
vt 0.295602 0.666354
vt 0.295247 0.670363
vt 0.302993 0.671284
vt 0.301441 0.674495
vt 0.306763 0.682846
vt 0.304600 0.684184
vt 0.303518 0.695730
vt 0.436812 0.760148
vt 0.430159 0.760395
vt 0.429376 0.752790
vt 0.436030 0.752543
vt 0.433772 0.763597
vt 0.432207 0.748390
vt 0.438653 0.747191
vt 0.442476 0.751345
vt 0.454263 0.752543
vt 0.460916 0.752791
vt 0.460134 0.760395
vt 0.453480 0.760148
vt 0.458085 0.748390
vt 0.456520 0.763597
vt 0.447817 0.751345
vt 0.451640 0.747191
vt 0.726941 0.727661
vt 0.722457 0.719875
vt 0.725567 0.716554
vt 0.730474 0.725074
vt 0.732402 0.737679
vt 0.736449 0.736034
vt 0.728902 0.740110
vt 0.722928 0.729149
vt 0.736752 0.746102
vt 0.741208 0.745250
vt 0.733662 0.749326
vt 0.708373 0.728818
vt 0.702912 0.738836
vt 0.698898 0.737348
vt 0.704873 0.726387
vt 0.712419 0.730463
vt 0.706445 0.741424
vt 0.712723 0.720395
vt 0.709633 0.717171
vt 0.701538 0.749943
vt 0.698427 0.746622
vt 0.717179 0.721247
vt 0.566115 0.692867
vt 0.573244 0.679788
vt 0.576289 0.680207
vt 0.568233 0.694986
vt 0.580477 0.682469
vt 0.572421 0.697248
vt 0.582905 0.668720
vt 0.587093 0.670982
vt 0.582654 0.684870
vt 0.575525 0.697950
vt 0.561815 0.707412
vt 0.566003 0.709674
vt 0.569845 0.708947
vt 0.607378 0.680444
vt 0.614507 0.693524
vt 0.612329 0.695925
vt 0.604274 0.681146
vt 0.608141 0.698187
vt 0.600086 0.683408
vt 0.601698 0.669447
vt 0.597856 0.668720
vt 0.618945 0.707412
vt 0.614757 0.709674
vt 0.605097 0.698606
vt 0.597967 0.685526
vt 0.593668 0.670982
vt 0.612310 0.498742
vt 0.619769 0.497877
vt 0.627702 0.589477
vt 0.620244 0.590342
vt 0.606953 0.393632
vt 0.614412 0.392767
vt 0.636947 0.664421
vt 0.629488 0.665287
vt 0.593256 0.338429
vt 0.600715 0.337564
vt 0.571275 0.412508
vt 0.578734 0.413374
vt 0.570801 0.504973
vt 0.563342 0.504108
vt 0.580520 0.337564
vt 0.587979 0.338429
vt 0.565443 0.610083
vt 0.557984 0.609218
vt 0.551747 0.665287
vt 0.544288 0.664421
vt 0.335956 0.525932
vt 0.339402 0.522830
vt 0.403225 0.595749
vt 0.399778 0.598852
vt 0.271436 0.434961
vt 0.274883 0.431859
vt 0.345229 0.518098
vt 0.409052 0.591018
vt 0.453804 0.657753
vt 0.450357 0.660855
vt 0.227333 0.393914
vt 0.230780 0.390812
vt 0.280710 0.427128
vt 0.459631 0.653021
vt 0.236607 0.386081
vt 0.456971 0.662920
vt 0.462798 0.658188
vt 0.183153 0.733089
vt 0.186600 0.736191
vt 0.122778 0.809111
vt 0.119331 0.806009
vt 0.233732 0.671085
vt 0.237179 0.674187
vt 0.058258 0.900081
vt 0.054811 0.896979
vt 0.177326 0.728357
vt 0.113504 0.801277
vt 0.227905 0.666354
vt 0.014155 0.941128
vt 0.010708 0.938026
vt 0.048984 0.892247
vt 0.004881 0.933294
vt 0.001714 0.938461
vt 0.007541 0.943193
vt 0.220704 0.010079
vt 0.219820 0.003017
vt 0.227458 0.001992
vt 0.228343 0.009054
vt 0.244991 0.071939
vt 0.237352 0.072964
vt 0.254019 0.190531
vt 0.246380 0.191556
vt 0.268731 0.297114
vt 0.261092 0.298139
vt 0.280730 0.381622
vt 0.273091 0.382647
vt 0.295401 0.375585
vt 0.294516 0.382647
vt 0.286878 0.381622
vt 0.287762 0.374560
vt 0.299760 0.290052
vt 0.307399 0.291077
vt 0.314473 0.183469
vt 0.322112 0.184494
vt 0.323501 0.064877
vt 0.331140 0.065902
vt 0.340149 0.001992
vt 0.347788 0.003017
vt 0.517301 0.707426
vt 0.522886 0.701756
vt 0.525321 0.703545
vt 0.519210 0.709749
vt 0.514929 0.705544
vt 0.521040 0.699340
vt 0.512654 0.712201
vt 0.514126 0.714973
vt 0.509845 0.710768
vt 0.539095 0.754668
vt 0.544680 0.760338
vt 0.542834 0.762754
vt 0.536723 0.756550
vt 0.541004 0.752345
vt 0.547114 0.758549
vt 0.534448 0.749893
vt 0.531639 0.751326
vt 0.535920 0.747121
vt 0.179948 0.964873
vt 0.172656 0.957470
vt 0.173607 0.955451
vt 0.181846 0.963816
vt 0.175982 0.953117
vt 0.184221 0.961482
vt 0.167130 0.948960
vt 0.169506 0.946627
vt 0.177994 0.952226
vt 0.185286 0.959629
vt 0.188700 0.970860
vt 0.191076 0.968526
vt 0.156063 0.957857
vt 0.148771 0.965260
vt 0.146759 0.964369
vt 0.154998 0.956004
vt 0.144383 0.962035
vt 0.152622 0.953671
vt 0.140283 0.970860
vt 0.137907 0.968526
vt 0.143433 0.960016
vt 0.150724 0.952613
vt 0.161853 0.948960
vt 0.159477 0.946627
vt 0.473619 0.755433
vt 0.478920 0.749480
vt 0.481454 0.751193
vt 0.475655 0.757706
vt 0.471195 0.753705
vt 0.476994 0.747191
vt 0.469106 0.760280
vt 0.470718 0.763010
vt 0.466258 0.759008
vt 0.495887 0.712548
vt 0.490586 0.706595
vt 0.492512 0.704307
vt 0.498311 0.710820
vt 0.493850 0.714822
vt 0.488051 0.708308
vt 0.500399 0.717396
vt 0.503248 0.716124
vt 0.498788 0.720125
vt 0.273529 0.724643
vt 0.280449 0.732416
vt 0.279455 0.734319
vt 0.271637 0.725537
vt 0.276980 0.736540
vt 0.269161 0.727757
vt 0.285449 0.741379
vt 0.282974 0.743600
vt 0.274888 0.737406
vt 0.267968 0.729633
vt 0.264979 0.718386
vt 0.262504 0.720607
vt 0.251762 0.957874
vt 0.244842 0.965646
vt 0.242750 0.964781
vt 0.250568 0.955998
vt 0.240274 0.962560
vt 0.248093 0.953777
vt 0.236756 0.971840
vt 0.234281 0.969620
vt 0.239281 0.960657
vt 0.246201 0.952884
vt 0.257226 0.948847
vt 0.254751 0.946627
vt 0.295240 0.756124
vt 0.291797 0.764629
vt 0.288554 0.764068
vt 0.292321 0.754763
vt 0.299486 0.749221
vt 0.296967 0.747210
vt 0.029219 0.985371
vt 0.033714 0.974267
vt 0.036538 0.974205
vt 0.031459 0.986752
vt 0.039558 0.975278
vt 0.034479 0.987824
vt 0.023675 0.994384
vt 0.025195 0.996935
vt 0.028215 0.998008
vt 0.050548 0.987824
vt 0.045469 0.975278
vt 0.048489 0.974205
vt 0.053568 0.986752
vt 0.051313 0.974267
vt 0.055807 0.985372
vt 0.056812 0.998008
vt 0.059832 0.996935
vt 0.061352 0.994384
vt 0.312484 0.754763
vt 0.316251 0.764068
vt 0.313007 0.764629
vt 0.309565 0.756124
vt 0.307838 0.747210
vt 0.305319 0.749221
vt 0.222592 0.987390
vt 0.216978 0.978464
vt 0.218453 0.975274
vt 0.224595 0.985040
vt 0.220932 0.990036
vt 0.214790 0.980269
vt 0.227510 0.995716
vt 0.229976 0.994149
vt 0.244386 0.983599
vt 0.238772 0.992525
vt 0.236584 0.990720
vt 0.242726 0.980953
vt 0.246388 0.985949
vt 0.240247 0.995716
vt 0.251770 0.976840
vt 0.249304 0.975274
vt 0.377511 0.728292
vt 0.385793 0.715123
vt 0.387825 0.717896
vt 0.379544 0.731064
vt 0.370256 0.740574
vt 0.372288 0.743346
vt 0.356697 0.727405
vt 0.364978 0.740574
vt 0.362946 0.743346
vt 0.354664 0.730178
vt 0.349441 0.715123
vt 0.347409 0.717896
vt 0.263190 0.983304
vt 0.266776 0.991646
vt 0.264071 0.993469
vt 0.260149 0.984342
vt 0.261572 0.975274
vt 0.258378 0.975556
vt 0.313234 0.732563
vt 0.308553 0.721671
vt 0.310588 0.719623
vt 0.315877 0.731930
vt 0.313426 0.718386
vt 0.318715 0.730693
vt 0.315347 0.743047
vt 0.318264 0.743777
vt 0.321103 0.742539
vt 0.300888 0.731470
vt 0.295599 0.743777
vt 0.292761 0.742539
vt 0.298050 0.730232
vt 0.290726 0.740492
vt 0.295407 0.729600
vt 0.303276 0.719623
vt 0.300438 0.718386
vt 0.297520 0.719115
vt 0.275237 0.756161
vt 0.279159 0.747033
vt 0.281864 0.748856
vt 0.278278 0.757199
vt 0.273466 0.764947
vt 0.276660 0.765229
vt 0.589351 0.753542
vt 0.592110 0.746933
vt 0.595001 0.747143
vt 0.591982 0.754374
vt 0.586439 0.760446
vt 0.588797 0.761928
vt 0.583609 0.760119
vt 0.586795 0.752565
vt 0.608935 0.760446
vt 0.606024 0.753542
vt 0.608580 0.752565
vt 0.611765 0.760119
vt 0.606578 0.761928
vt 0.603392 0.754374
vt 0.600374 0.747142
vt 0.603265 0.746933
vt 0.188436 0.984478
vt 0.192506 0.994229
vt 0.189627 0.995233
vt 0.185557 0.985482
vt 0.184140 0.974293
vt 0.181261 0.975297
vt 0.204975 0.986458
vt 0.200905 0.996208
vt 0.198026 0.995204
vt 0.202096 0.985454
vt 0.209270 0.976272
vt 0.206391 0.975269
vt 0.784349 0.727735
vt 0.787754 0.719516
vt 0.792274 0.719780
vt 0.788548 0.728772
vt 0.780587 0.725547
vt 0.784312 0.716554
vt 0.780057 0.738288
vt 0.783852 0.740318
vt 0.775891 0.737093
vt 0.776518 0.747143
vt 0.779980 0.750008
vt 0.772019 0.746782
vt 0.758816 0.738827
vt 0.762221 0.747046
vt 0.758780 0.750008
vt 0.755054 0.741015
vt 0.763016 0.737790
vt 0.766741 0.746783
vt 0.754525 0.728274
vt 0.750359 0.729469
vt 0.758320 0.726244
vt 0.750985 0.719419
vt 0.746486 0.719780
vt 0.754447 0.716554
vt 0.516435 0.650785
vt 0.510831 0.637007
vt 0.513192 0.634854
vt 0.519524 0.650422
vt 0.517610 0.633064
vt 0.523942 0.648632
vt 0.521056 0.662347
vt 0.524745 0.663487
vt 0.508169 0.622729
vt 0.512587 0.620939
vt 0.520759 0.632985
vt 0.526362 0.646763
vt 0.529163 0.661697
vt 0.553185 0.685444
vt 0.547582 0.699222
vt 0.544433 0.699142
vt 0.550765 0.683574
vt 0.540015 0.697352
vt 0.546347 0.681784
vt 0.539410 0.711267
vt 0.534992 0.709478
vt 0.537654 0.695200
vt 0.543258 0.681422
vt 0.555986 0.670510
vt 0.551568 0.668720
vt 0.547879 0.669860
vt 0.708218 0.007841
vt 0.711259 0.001992
vt 0.717704 0.006049
vt 0.714664 0.011898
vt 0.685661 0.071245
vt 0.679215 0.067188
vt 0.612673 0.169234
vt 0.606227 0.165177
vt 0.555742 0.260765
vt 0.549296 0.256708
vt 0.507909 0.334130
vt 0.501463 0.330073
vt 0.602614 0.162647
vt 0.545683 0.254178
vt 0.645265 0.347470
vt 0.642225 0.341621
vt 0.648671 0.337564
vt 0.651711 0.343413
vt 0.699544 0.416779
vt 0.693098 0.420836
vt 0.756475 0.508310
vt 0.750029 0.512367
vt 0.703158 0.414249
vt 0.760089 0.505780
vt 0.829463 0.606298
vt 0.823017 0.610355
vt 0.858466 0.665645
vt 0.852020 0.669702
vn -0.281422 0.363988 0.887871
vn -0.281422 0.363987 0.887871
vn -0.281422 0.363988 0.887871
vn -0.281422 0.363988 0.887871
vn 0.014455 0.164737 0.986232
vn 0.014455 0.164737 0.986232
vn 0.014455 0.164737 0.986232
vn 0.014455 0.164737 0.986232
vn 0.350994 0.019282 0.936179
vn 0.350994 0.019282 0.936179
vn 0.350994 0.019282 0.936179
vn 0.350994 0.019282 0.936179
vn 0.827533 -0.107380 0.551052
vn 0.827533 -0.107380 0.551052
vn 0.827533 -0.107380 0.551052
vn 0.827533 -0.107379 0.551052
vn 0.910028 -0.089969 -0.404667
vn 0.910028 -0.089969 -0.404667
vn 0.910028 -0.089969 -0.404667
vn 0.910028 -0.089969 -0.404667
vn 0.506113 0.052018 -0.860897
vn 0.506113 0.052018 -0.860897
vn 0.506113 0.052018 -0.860897
vn 0.506113 0.052018 -0.860897
vn 0.182669 0.200235 -0.962568
vn 0.182669 0.200235 -0.962568
vn 0.182669 0.200235 -0.962568
vn 0.182669 0.200235 -0.962568
vn -0.126306 0.396726 -0.909206
vn -0.126306 0.396726 -0.909206
vn -0.126306 0.396726 -0.909206
vn -0.126306 0.396726 -0.909206
vn -0.514694 0.686593 -0.513497
vn -0.514694 0.686593 -0.513497
vn -0.514694 0.686593 -0.513497
vn -0.514694 0.686593 -0.513497
vn -0.597189 0.669184 0.442220
vn -0.597189 0.669184 0.442220
vn -0.597189 0.669184 0.442220
vn -0.597189 0.669184 0.442220
vn 0.265879 0.866773 0.421915
vn 0.265879 0.866773 0.421915
vn 0.265879 0.866773 0.421915
vn 0.265879 0.866773 0.421915
vn 0.381838 0.771798 0.508456
vn 0.381838 0.771798 0.508456
vn 0.381838 0.771798 0.508456
vn 0.381838 0.771798 0.508456
vn 0.533488 0.720909 0.442359
vn 0.533488 0.720909 0.442359
vn 0.533488 0.720909 0.442359
vn 0.533488 0.720909 0.442359
vn 0.665989 0.711662 0.223599
vn 0.665989 0.711662 0.223599
vn 0.665989 0.711662 0.223599
vn 0.665989 0.711662 0.223599
vn 0.692224 0.717198 -0.080332
vn 0.692224 0.717198 -0.080332
vn 0.692224 0.717198 -0.080332
vn 0.692224 0.717198 -0.080332
vn 0.599125 0.734763 -0.318077
vn 0.599125 0.734763 -0.318077
vn 0.599125 0.734763 -0.318077
vn 0.599125 0.734763 -0.318077
vn 0.460883 0.788481 -0.407290
vn 0.460883 0.788481 -0.407290
vn 0.460883 0.788481 -0.407290
vn 0.460883 0.788481 -0.407290
vn 0.331516 0.880625 -0.338521
vn 0.331516 0.880625 -0.338521
vn 0.331516 0.880625 -0.338521
vn 0.331516 0.880625 -0.338521
vn 0.239139 0.964158 -0.114945
vn 0.239139 0.964158 -0.114945
vn 0.239139 0.964158 -0.114945
vn 0.239139 0.964158 -0.114945
vn 0.212905 0.958621 0.188988
vn 0.212905 0.958621 0.188988
vn 0.212905 0.958621 0.188988
vn 0.212905 0.958621 0.188988
vn 0.596423 0.335129 -0.729361
vn 0.596424 0.335129 -0.729361
vn 0.596424 0.335129 -0.729361
vn 0.596423 0.335129 -0.729361
vn 0.304845 0.440980 -0.844160
vn 0.304845 0.440980 -0.844160
vn 0.304845 0.440980 -0.844160
vn 0.304845 0.440980 -0.844160
vn 0.046826 0.634695 -0.771343
vn 0.046826 0.634695 -0.771343
vn 0.046826 0.634695 -0.771343
vn 0.046826 0.634695 -0.771343
vn -0.206749 0.902083 -0.378816
vn -0.206749 0.902083 -0.378816
vn -0.206749 0.902083 -0.378816
vn -0.206749 0.902083 -0.378816
vn -0.271397 0.888439 0.370162
vn -0.271397 0.888439 0.370162
vn -0.271397 0.888439 0.370162
vn -0.271397 0.888439 0.370162
vn -0.087978 0.606246 0.790396
vn -0.087978 0.606246 0.790396
vn -0.087978 0.606246 0.790396
vn -0.087978 0.606246 0.790396
vn 0.154355 0.409218 0.899286
vn 0.154355 0.409218 0.899286
vn 0.154355 0.409218 0.899286
vn 0.154355 0.409218 0.899286
vn 0.461620 0.306680 0.832379
vn 0.461620 0.306680 0.832379
vn 0.461620 0.306680 0.832379
vn 0.461620 0.306680 0.832379
vn 0.845129 0.279864 0.455448
vn 0.845129 0.279864 0.455448
vn 0.845129 0.279864 0.455448
vn 0.845129 0.279864 0.455448
vn 0.909778 0.293508 -0.293526
vn 0.909778 0.293508 -0.293526
vn 0.909778 0.293508 -0.293526
vn 0.909778 0.293508 -0.293526
vn 0.405294 -0.160551 -0.899978
vn 0.405294 -0.160551 -0.899978
vn 0.405294 -0.160551 -0.899978
vn 0.405294 -0.160551 -0.899978
vn 0.085983 0.018146 -0.996131
vn 0.085983 0.018146 -0.996131
vn 0.085983 0.018146 -0.996131
vn 0.085983 0.018146 -0.996131
vn -0.245635 0.194246 -0.949701
vn -0.245635 0.194246 -0.949701
vn -0.245635 0.194246 -0.949701
vn -0.245635 0.194246 -0.949701
vn -0.710856 0.420497 -0.563797
vn -0.710856 0.420497 -0.563797
vn -0.710856 0.420497 -0.563797
vn -0.710856 0.420497 -0.563797
vn -0.798237 0.402055 0.448519
vn -0.798237 0.402055 0.448519
vn -0.798237 0.402055 0.448519
vn -0.798237 0.402055 0.448519
vn -0.405293 0.160552 0.899978
vn -0.405293 0.160551 0.899978
vn -0.405293 0.160552 0.899978
vn -0.405293 0.160551 0.899978
vn -0.085983 -0.018146 0.996131
vn -0.085983 -0.018146 0.996131
vn -0.085983 -0.018146 0.996131
vn -0.085983 -0.018146 0.996131
vn 0.245635 -0.194245 0.949701
vn 0.245635 -0.194245 0.949701
vn 0.245635 -0.194245 0.949701
vn 0.245635 -0.194245 0.949701
vn 0.710856 -0.420496 0.563797
vn 0.710856 -0.420496 0.563797
vn 0.710856 -0.420496 0.563797
vn 0.710856 -0.420496 0.563797
vn 0.798237 -0.402055 -0.448519
vn 0.798237 -0.402055 -0.448519
vn 0.798237 -0.402055 -0.448519
vn 0.798237 -0.402055 -0.448519
vn 0.087978 -0.606247 -0.790395
vn 0.087978 -0.606247 -0.790395
vn 0.087978 -0.606247 -0.790395
vn 0.087978 -0.606247 -0.790395
vn -0.154356 -0.409220 -0.899285
vn -0.154356 -0.409220 -0.899285
vn -0.154356 -0.409220 -0.899285
vn -0.154356 -0.409220 -0.899285
vn -0.461620 -0.306679 -0.832379
vn -0.461620 -0.306679 -0.832379
vn -0.461620 -0.306679 -0.832379
vn -0.461620 -0.306679 -0.832379
vn -0.845129 -0.279862 -0.455449
vn -0.845129 -0.279862 -0.455449
vn -0.845129 -0.279862 -0.455449
vn -0.845129 -0.279862 -0.455449
vn -0.909778 -0.293507 0.293526
vn -0.909778 -0.293507 0.293526
vn -0.909778 -0.293507 0.293526
vn -0.909778 -0.293507 0.293526
vn -0.596425 -0.335130 0.729359
vn -0.596425 -0.335130 0.729359
vn -0.596425 -0.335130 0.729359
vn -0.596425 -0.335130 0.729359
vn -0.304845 -0.440979 0.844161
vn -0.304845 -0.440979 0.844161
vn -0.304845 -0.440979 0.844161
vn -0.304845 -0.440979 0.844161
vn -0.046826 -0.634695 0.771343
vn -0.046826 -0.634695 0.771343
vn -0.046826 -0.634695 0.771343
vn -0.046826 -0.634695 0.771343
vn 0.206748 -0.902082 0.378818
vn 0.206748 -0.902082 0.378818
vn 0.206748 -0.902082 0.378818
vn 0.206748 -0.902082 0.378818
vn 0.271396 -0.888440 -0.370161
vn 0.271396 -0.888440 -0.370161
vn 0.271396 -0.888440 -0.370161
vn 0.271396 -0.888440 -0.370161
vn -0.599126 -0.734763 0.318074
vn -0.599126 -0.734763 0.318074
vn -0.599126 -0.734763 0.318074
vn -0.599126 -0.734763 0.318074
vn -0.460883 -0.788481 0.407289
vn -0.460883 -0.788481 0.407289
vn -0.460883 -0.788481 0.407289
vn -0.460883 -0.788481 0.407289
vn -0.331516 -0.880625 0.338522
vn -0.331516 -0.880625 0.338522
vn -0.331516 -0.880625 0.338522
vn -0.331516 -0.880625 0.338522
vn -0.239139 -0.964158 0.114945
vn -0.239138 -0.964158 0.114945
vn -0.239139 -0.964158 0.114945
vn -0.239139 -0.964158 0.114945
vn -0.212904 -0.958622 -0.188986
vn -0.212904 -0.958622 -0.188986
vn -0.212904 -0.958622 -0.188986
vn -0.212904 -0.958622 -0.188986
vn -0.265878 -0.866772 -0.421918
vn -0.265878 -0.866772 -0.421918
vn -0.265878 -0.866772 -0.421918
vn -0.265878 -0.866772 -0.421918
vn -0.381839 -0.771798 -0.508456
vn -0.381839 -0.771798 -0.508456
vn -0.381839 -0.771798 -0.508456
vn -0.381839 -0.771798 -0.508456
vn -0.533487 -0.720907 -0.442364
vn -0.533487 -0.720907 -0.442364
vn -0.533487 -0.720907 -0.442364
vn -0.533487 -0.720907 -0.442364
vn -0.665989 -0.711660 -0.223601
vn -0.665989 -0.711660 -0.223601
vn -0.665989 -0.711660 -0.223601
vn -0.665989 -0.711660 -0.223601
vn -0.692223 -0.717199 0.080333
vn -0.692223 -0.717199 0.080333
vn -0.692223 -0.717199 0.080333
vn -0.692223 -0.717199 0.080333
vn -0.506111 -0.052018 0.860898
vn -0.506111 -0.052018 0.860898
vn -0.506111 -0.052018 0.860898
vn -0.506111 -0.052018 0.860898
vn -0.182669 -0.200235 0.962568
vn -0.182669 -0.200235 0.962568
vn -0.182669 -0.200235 0.962568
vn -0.182669 -0.200235 0.962568
vn 0.126305 -0.396725 0.909206
vn 0.126305 -0.396725 0.909206
vn 0.126305 -0.396725 0.909206
vn 0.126305 -0.396725 0.909206
vn 0.514695 -0.686592 0.513498
vn 0.514695 -0.686592 0.513498
vn 0.514695 -0.686592 0.513498
vn 0.514695 -0.686592 0.513498
vn 0.597189 -0.669183 -0.442221
vn 0.597189 -0.669183 -0.442221
vn 0.597189 -0.669183 -0.442221
vn 0.597189 -0.669183 -0.442221
vn 0.281422 -0.363989 -0.887870
vn 0.281422 -0.363989 -0.887870
vn 0.281422 -0.363989 -0.887870
vn 0.281422 -0.363989 -0.887870
vn -0.014455 -0.164736 -0.986232
vn -0.014455 -0.164736 -0.986232
vn -0.014455 -0.164736 -0.986232
vn -0.014455 -0.164736 -0.986232
vn -0.350994 -0.019281 -0.936179
vn -0.350994 -0.019281 -0.936179
vn -0.350994 -0.019281 -0.936179
vn -0.350994 -0.019281 -0.936179
vn -0.827533 0.107380 -0.551052
vn -0.827533 0.107380 -0.551052
vn -0.827533 0.107380 -0.551052
vn -0.827533 0.107380 -0.551052
vn -0.910028 0.089969 0.404665
vn -0.910028 0.089969 0.404665
vn -0.910028 0.089969 0.404665
vn -0.910028 0.089969 0.404665
vn -0.853833 -0.481415 -0.198010
vn -0.853833 -0.481415 -0.198010
vn -0.853833 -0.481415 -0.198010
vn -0.853833 -0.481415 -0.198010
vn -0.249755 -0.569964 0.782792
vn -0.249755 -0.569964 0.782792
vn -0.249755 -0.569964 0.782792
vn -0.249755 -0.569964 0.782792
vn -0.849187 0.039682 0.526600
vn -0.849164 0.039977 0.526613
vn -0.847575 0.059164 0.527367
vn -0.847691 0.057891 0.527323
vn 0.726778 -0.664786 0.172780
vn 0.726778 -0.664786 0.172780
vn 0.726778 -0.664786 0.172780
vn 0.726778 -0.664786 0.172780
vn 0.524029 -0.065958 0.849142
vn 0.524506 -0.061368 0.849192
vn 0.520043 -0.100783 0.848174
vn 0.520199 -0.099516 0.848227
vn -0.726778 0.664787 -0.172775
vn -0.726778 0.664787 -0.172775
vn -0.726778 0.664787 -0.172775
vn -0.726778 0.664787 -0.172775
vn -0.122700 0.576239 0.808018
vn -0.122700 0.576239 0.808018
vn -0.122700 0.576239 0.808018
vn -0.122700 0.576239 0.808018
vn 0.853834 0.481416 0.198006
vn 0.853834 0.481416 0.198006
vn 0.853834 0.481416 0.198006
vn 0.853834 0.481416 0.198006
vn -0.520199 0.099516 -0.848227
vn -0.520043 0.100783 -0.848173
vn -0.524506 0.061368 -0.849192
vn -0.524029 0.065958 -0.849142
vn 0.249755 0.569965 -0.782791
vn 0.249755 0.569965 -0.782791
vn 0.249755 0.569965 -0.782791
vn 0.249755 0.569965 -0.782791
vn 0.847691 -0.057891 -0.527323
vn 0.847576 -0.059164 -0.527367
vn 0.849165 -0.039977 -0.526613
vn 0.849187 -0.039682 -0.526600
vn 0.122699 -0.576237 -0.808020
vn 0.122699 -0.576237 -0.808020
vn 0.122699 -0.576237 -0.808020
vn 0.122699 -0.576237 -0.808020
vn -0.230406 -0.018736 0.972914
vn -0.230015 -0.015056 0.973071
vn -0.231525 -0.029456 0.972383
vn -0.231525 -0.029456 0.972383
vn 0.110148 0.993675 0.021872
vn 0.110148 0.993675 0.021872
vn 0.110148 0.993675 0.021872
vn 0.110148 0.993675 0.021872
vn 0.231525 0.029456 -0.972383
vn 0.231525 0.029456 -0.972383
vn 0.230015 0.015056 -0.973071
vn 0.230406 0.018736 -0.972914
vn -0.110148 -0.993675 -0.021873
vn -0.110148 -0.993675 -0.021873
vn -0.110148 -0.993675 -0.021873
vn -0.110148 -0.993675 -0.021873
vn 0.970953 -0.073761 0.227619
vn 0.971040 -0.072553 0.227634
vn 0.967420 -0.112233 0.226943
vn 0.967420 -0.112233 0.226943
vn -0.971040 0.072553 -0.227634
vn -0.970953 0.073761 -0.227618
vn -0.967420 0.112233 -0.226943
vn -0.967420 0.112233 -0.226943
vn -0.805460 -0.370396 0.462646
vn -0.805460 -0.370396 0.462646
vn -0.805460 -0.370396 0.462646
vn 0.418620 -0.512404 0.749799
vn 0.418620 -0.512404 0.749799
vn 0.418620 -0.512404 0.749799
vn -0.707065 0.517262 0.482181
vn -0.707065 0.517262 0.482181
vn -0.707065 0.517262 0.482181
vn 0.517017 0.375254 0.769336
vn 0.517017 0.375254 0.769336
vn 0.517017 0.375254 0.769336
vn -0.418621 0.512408 -0.749796
vn -0.418621 0.512408 -0.749796
vn -0.418621 0.512408 -0.749796
vn 0.805463 0.370396 -0.462639
vn 0.805463 0.370396 -0.462639
vn 0.805463 0.370396 -0.462639
vn -0.517018 -0.375253 -0.769336
vn -0.517018 -0.375253 -0.769336
vn -0.517018 -0.375253 -0.769336
vn 0.707063 -0.517263 -0.482184
vn 0.707062 -0.517263 -0.482184
vn 0.707062 -0.517263 -0.482184
vn 0.526723 -0.038394 0.849169
vn 0.526723 -0.038394 0.849169
vn -0.221642 0.057811 0.973413
vn -0.221642 0.057811 0.973413
vn -0.840404 0.120211 0.528461
vn -0.840404 0.120211 0.528461
vn -0.967420 0.112233 -0.226943
vn -0.967420 0.112233 -0.226943
vn -0.526723 0.038394 -0.849169
vn -0.526723 0.038394 -0.849169
vn 0.221642 -0.057811 -0.973413
vn 0.221642 -0.057811 -0.973413
vn 0.840404 -0.120211 -0.528461
vn 0.840404 -0.120211 -0.528461
vn 0.967420 -0.112233 0.226943
vn 0.967420 -0.112233 0.226943
vn 0.842283 -0.106604 -0.528389
vn 0.842310 -0.106398 -0.528387
vn 0.830699 -0.177532 -0.527658
vn 0.830699 -0.177532 -0.527658
vn 0.224045 -0.037958 -0.973839
vn 0.223930 -0.038926 -0.973828
vn 0.227962 -0.003839 -0.973662
vn 0.227962 -0.003839 -0.973662
vn -0.525217 0.054314 -0.849233
vn -0.525648 0.049900 -0.849237
vn -0.509814 0.172128 -0.842889
vn -0.509814 0.172128 -0.842889
vn -0.943507 0.246105 -0.221872
vn -0.943507 0.246105 -0.221872
vn -0.967235 0.113887 -0.226906
vn -0.967594 0.110651 -0.226978
vn -0.830698 0.177531 0.527659
vn -0.830698 0.177531 0.527659
vn -0.842310 0.106398 0.528388
vn -0.842283 0.106604 0.528390
vn -0.227962 0.003839 0.973662
vn -0.227962 0.003839 0.973662
vn -0.223930 0.038926 0.973828
vn -0.224045 0.037958 0.973839
vn 0.509814 -0.172128 0.842889
vn 0.509814 -0.172128 0.842889
vn 0.525648 -0.049900 0.849237
vn 0.525217 -0.054314 0.849233
vn 0.943507 -0.246105 0.221872
vn 0.943507 -0.246105 0.221872
vn 0.967594 -0.110651 0.226977
vn 0.967235 -0.113887 0.226906
vn -0.983836 0.085849 0.157150
vn -0.983836 0.085849 0.157150
vn -0.983836 0.085849 0.157150
vn -0.983836 0.085849 0.157150
vn -0.239658 -0.583885 0.775656
vn -0.239658 -0.583885 0.775656
vn -0.239658 -0.583885 0.775656
vn -0.239658 -0.583885 0.775656
vn -0.461818 0.267762 0.845593
vn -0.461654 0.267967 0.845618
vn -0.450281 0.282041 0.847172
vn -0.450999 0.281160 0.847083
vn 0.273958 -0.935514 -0.223070
vn 0.273958 -0.935514 -0.223070
vn 0.273958 -0.935514 -0.223070
vn 0.273958 -0.935514 -0.223070
vn 0.638904 -0.561212 0.526158
vn 0.641505 -0.558032 0.526376
vn 0.617530 -0.586516 0.524076
vn 0.618276 -0.585657 0.524157
vn -0.273957 0.935514 0.223071
vn -0.273957 0.935514 0.223071
vn -0.273957 0.935514 0.223071
vn -0.273957 0.935514 0.223071
vn 0.470222 0.265781 0.841577
vn 0.470222 0.265781 0.841577
vn 0.470222 0.265781 0.841577
vn 0.470222 0.265781 0.841577
vn 0.983836 -0.085848 -0.157150
vn 0.983836 -0.085848 -0.157150
vn 0.983836 -0.085848 -0.157150
vn 0.983836 -0.085848 -0.157150
vn -0.618275 0.585656 -0.524159
vn -0.617529 0.586515 -0.524078
vn -0.641504 0.558031 -0.526378
vn -0.638903 0.561211 -0.526160
vn 0.239658 0.583885 -0.775656
vn 0.239658 0.583885 -0.775656
vn 0.239658 0.583885 -0.775656
vn 0.239658 0.583885 -0.775656
vn 0.450999 -0.281160 -0.847082
vn 0.450281 -0.282041 -0.847172
vn 0.461655 -0.267968 -0.845617
vn 0.461819 -0.267763 -0.845593
vn -0.470222 -0.265780 -0.841577
vn -0.470222 -0.265780 -0.841577
vn -0.470222 -0.265780 -0.841577
vn -0.470222 -0.265780 -0.841577
vn 0.124846 -0.207444 0.970248
vn 0.126968 -0.204928 0.970507
vn 0.118225 -0.215272 0.969371
vn 0.118225 -0.215272 0.969371
vn 0.640023 0.766054 0.059432
vn 0.640023 0.766054 0.059432
vn 0.640023 0.766054 0.059432
vn 0.640023 0.766054 0.059432
vn -0.118225 0.215272 -0.969371
vn -0.118225 0.215272 -0.969371
vn -0.126968 0.204928 -0.970507
vn -0.124846 0.207444 -0.970248
vn -0.640023 -0.766054 -0.059433
vn -0.640023 -0.766054 -0.059433
vn -0.640023 -0.766054 -0.059433
vn -0.640023 -0.766054 -0.059433
vn 0.778620 -0.585330 -0.226138
vn 0.779280 -0.584480 -0.226065
vn 0.755763 -0.613701 -0.228460
vn 0.755763 -0.613701 -0.228460
vn -0.779280 0.584480 0.226065
vn -0.778620 0.585330 0.226139
vn -0.755763 0.613701 0.228460
vn -0.755763 0.613701 0.228460
vn -0.667636 -0.056270 0.742358
vn -0.667636 -0.056270 0.742358
vn -0.667636 -0.056270 0.742358
vn 0.299199 -0.841364 0.450096
vn 0.299199 -0.841364 0.450096
vn 0.299199 -0.841364 0.450096
vn -0.121969 0.596845 0.793032
vn -0.121969 0.596845 0.793032
vn -0.121969 0.596845 0.793032
vn 0.844863 -0.188250 0.500768
vn 0.844863 -0.188250 0.500768
vn 0.844863 -0.188250 0.500768
vn -0.299198 0.841363 -0.450099
vn -0.299198 0.841363 -0.450099
vn -0.299198 0.841363 -0.450099
vn 0.667637 0.056270 -0.742357
vn 0.667637 0.056270 -0.742357
vn 0.667637 0.056270 -0.742357
vn -0.844863 0.188249 -0.500768
vn -0.844863 0.188249 -0.500768
vn -0.844863 0.188249 -0.500768
vn 0.121969 -0.596847 -0.793030
vn 0.121969 -0.596847 -0.793030
vn 0.121969 -0.596847 -0.793030
vn 0.655175 -0.540932 0.527388
vn 0.655175 -0.540932 0.527389
vn 0.171180 -0.151598 0.973507
vn 0.171180 -0.151598 0.973507
vn -0.412931 0.326399 0.850266
vn -0.412931 0.326399 0.850266
vn -0.755763 0.613701 0.228458
vn -0.755763 0.613701 0.228458
vn -0.655175 0.540932 -0.527389
vn -0.655175 0.540932 -0.527388
vn -0.171180 0.151598 -0.973507
vn -0.171180 0.151598 -0.973507
vn 0.412932 -0.326400 -0.850265
vn 0.412932 -0.326400 -0.850265
vn 0.755763 -0.613701 -0.228460
vn 0.755763 -0.613701 -0.228460
vn 0.421399 -0.316582 -0.849823
vn 0.421520 -0.316440 -0.849815
vn 0.376329 -0.367336 -0.850553
vn 0.376329 -0.367336 -0.850553
vn -0.159227 0.166187 -0.973154
vn -0.159779 0.165516 -0.973178
vn -0.138538 0.191137 -0.971738
vn -0.138538 0.191137 -0.971738
vn -0.645860 0.552655 -0.526723
vn -0.648333 0.549573 -0.526910
vn -0.571437 0.636522 -0.517977
vn -0.571437 0.636521 -0.517977
vn -0.667408 0.706907 0.234197
vn -0.667408 0.706907 0.234197
vn -0.754814 0.614835 0.228548
vn -0.756672 0.612611 0.228375
vn -0.376329 0.367336 0.850553
vn -0.376329 0.367336 0.850553
vn -0.421520 0.316440 0.849816
vn -0.421398 0.316582 0.849823
vn 0.138538 -0.191137 0.971738
vn 0.138538 -0.191137 0.971738
vn 0.159779 -0.165516 0.973178
vn 0.159227 -0.166187 0.973154
vn 0.571437 -0.636521 0.517978
vn 0.571437 -0.636521 0.517978
vn 0.648333 -0.549573 0.526910
vn 0.645860 -0.552655 0.526723
vn 0.667408 -0.706907 -0.234197
vn 0.667408 -0.706907 -0.234197
vn 0.756672 -0.612611 -0.228375
vn 0.754814 -0.614835 -0.228548
vn 0.383089 -0.918986 0.093316
vn 0.383089 -0.918986 0.093316
vn 0.383089 -0.918986 0.093316
vn 0.383089 -0.918986 0.093316
vn 0.301639 -0.066596 0.951093
vn 0.301639 -0.066596 0.951093
vn 0.301639 -0.066596 0.951093
vn 0.301639 -0.066596 0.951093
vn -0.220046 -0.702312 0.677006
vn -0.220254 -0.702288 0.676963
vn -0.236131 -0.700392 0.673568
vn -0.235230 -0.700505 0.673765
vn 0.610927 0.779217 0.139962
vn 0.610927 0.779217 0.139962
vn 0.610927 0.779217 0.139962
vn 0.610927 0.779217 0.139962
vn -0.076302 0.704531 0.705559
vn -0.079531 0.704959 0.704774
vn -0.047287 0.700334 0.712247
vn -0.048184 0.700473 0.712050
vn -0.610927 -0.779217 -0.139961
vn -0.610927 -0.779217 -0.139961
vn -0.610927 -0.779217 -0.139961
vn -0.610927 -0.779217 -0.139961
vn -0.692377 0.073173 0.717816
vn -0.692377 0.073173 0.717816
vn -0.692377 0.073173 0.717816
vn -0.692377 0.073173 0.717816
vn -0.383093 0.918984 -0.093315
vn -0.383093 0.918984 -0.093315
vn -0.383093 0.918984 -0.093315
vn -0.383093 0.918984 -0.093315
vn 0.048184 -0.700474 -0.712049
vn 0.047287 -0.700335 -0.712246
vn 0.079532 -0.704961 -0.704772
vn 0.076302 -0.704533 -0.705557
vn -0.301639 0.066597 -0.951093
vn -0.301639 0.066597 -0.951093
vn -0.301639 0.066597 -0.951093
vn -0.301639 0.066597 -0.951093
vn 0.235229 0.700503 -0.673768
vn 0.236130 0.700390 -0.673570
vn 0.220255 0.702290 -0.676961
vn 0.220046 0.702314 -0.677004
vn 0.692378 -0.073176 -0.717814
vn 0.692379 -0.073176 -0.717814
vn 0.692379 -0.073176 -0.717814
vn 0.692378 -0.073176 -0.717814
vn -0.209494 0.001247 0.977809
vn -0.212098 0.001612 0.977247
vn -0.200344 -0.000033 0.979726
vn -0.200344 -0.000033 0.979726
vn -0.964554 0.135631 -0.226364
vn -0.964554 0.135631 -0.226364
vn -0.964554 0.135631 -0.226364
vn -0.964554 0.135631 -0.226364
vn 0.200343 0.000034 -0.979726
vn 0.200343 0.000034 -0.979726
vn 0.212097 -0.001612 -0.977247
vn 0.209493 -0.001247 -0.977809
vn 0.964554 -0.135627 0.226363
vn 0.964554 -0.135627 0.226363
vn 0.964554 -0.135627 0.226363
vn 0.964554 -0.135627 0.226363
vn 0.101044 0.994686 0.019736
vn 0.100193 0.994776 0.019536
vn 0.132923 0.990753 0.027218
vn 0.132923 0.990753 0.027217
vn -0.100193 -0.994776 -0.019539
vn -0.101044 -0.994686 -0.019738
vn -0.132924 -0.990753 -0.027214
vn -0.132924 -0.990753 -0.027214
vn 0.142537 -0.695282 0.704462
vn 0.142537 -0.695282 0.704462
vn 0.142537 -0.695282 0.704462
vn 0.315531 0.594156 0.739877
vn 0.315531 0.594156 0.739877
vn 0.315531 0.594156 0.739877
vn -0.612224 -0.589158 0.527327
vn -0.612224 -0.589158 0.527327
vn -0.612224 -0.589158 0.527327
vn -0.439224 0.700290 0.562741
vn -0.439224 0.700290 0.562741
vn -0.439224 0.700290 0.562741
vn -0.315530 -0.594154 -0.739880
vn -0.315530 -0.594154 -0.739880
vn -0.315530 -0.594154 -0.739880
vn -0.142537 0.695289 -0.704455
vn -0.142537 0.695289 -0.704455
vn -0.142537 0.695289 -0.704455
vn 0.439223 -0.700284 -0.562748
vn 0.439223 -0.700284 -0.562748
vn 0.439223 -0.700284 -0.562748
vn 0.612218 0.589161 -0.527331
vn 0.612218 0.589161 -0.527331
vn 0.612218 0.589161 -0.527331
vn -0.098747 0.707345 0.699938
vn -0.098747 0.707345 0.699938
vn -0.272356 0.010111 0.962143
vn -0.272356 0.010111 0.962144
vn -0.286630 -0.693040 0.661468
vn -0.286630 -0.693040 0.661468
vn -0.132924 -0.990753 -0.027213
vn -0.132924 -0.990753 -0.027213
vn 0.098747 -0.707345 -0.699937
vn 0.098747 -0.707345 -0.699937
vn 0.272356 -0.010111 -0.962143
vn 0.272356 -0.010111 -0.962143
vn 0.286629 0.693038 -0.661470
vn 0.286629 0.693038 -0.661470
vn 0.132923 0.990753 0.027217
vn 0.132923 0.990753 0.027217
vn 0.275417 0.694848 -0.664328
vn 0.275270 0.694871 -0.664365
vn 0.333646 0.684335 -0.648357
vn 0.333646 0.684335 -0.648357
vn 0.256127 -0.007811 -0.966612
vn 0.256805 -0.007907 -0.966431
vn 0.227962 -0.003839 -0.973662
vn 0.227962 -0.003839 -0.973662
vn 0.085890 -0.705781 -0.703204
vn 0.088994 -0.706170 -0.702427
vn -0.012351 -0.689746 -0.723946
vn -0.012351 -0.689746 -0.723946
vn -0.243834 -0.968353 -0.053273
vn -0.243834 -0.968353 -0.053273
vn -0.134085 -0.990588 -0.027492
vn -0.131804 -0.990909 -0.026957
vn -0.333646 -0.684335 0.648357
vn -0.333646 -0.684335 0.648357
vn -0.275269 -0.694868 0.664369
vn -0.275416 -0.694845 0.664332
vn -0.227962 0.003839 0.973662
vn -0.227962 0.003839 0.973662
vn -0.256805 0.007907 0.966431
vn -0.256127 0.007811 0.966612
vn 0.012351 0.689746 0.723946
vn 0.012351 0.689746 0.723946
vn -0.088994 0.706169 0.702428
vn -0.085890 0.705780 0.703206
vn 0.243834 0.968353 0.053271
vn 0.243834 0.968353 0.053271
vn 0.131805 0.990909 0.026951
vn 0.134085 0.990589 0.027486
vn -0.558980 -0.146937 0.816058
vn -0.558981 -0.146937 0.816058
vn -0.558981 -0.146937 0.816058
vn -0.558980 -0.146937 0.816058
vn -0.259275 0.119355 0.958400
vn -0.259275 0.119355 0.958400
vn -0.259275 0.119355 0.958400
vn -0.259275 0.119355 0.958400
vn 0.029163 0.442219 0.896433
vn 0.029163 0.442219 0.896433
vn 0.029163 0.442219 0.896433
vn 0.029163 0.442219 0.896433
vn 0.327195 0.819568 0.470374
vn 0.327195 0.819568 0.470374
vn 0.327195 0.819568 0.470374
vn 0.327195 0.819568 0.470374
vn 0.391787 0.850980 -0.349766
vn 0.391787 0.850980 -0.349766
vn 0.391787 0.850980 -0.349766
vn 0.391787 0.850980 -0.349766
vn 0.179009 0.535680 -0.825229
vn 0.179009 0.535680 -0.825229
vn 0.179009 0.535680 -0.825229
vn 0.179009 0.535680 -0.825229
vn -0.089577 0.236198 -0.967567
vn -0.089577 0.236198 -0.967567
vn -0.089577 0.236198 -0.967567
vn -0.089577 0.236198 -0.967567
vn -0.420178 -0.045597 -0.906296
vn -0.420178 -0.045597 -0.906296
vn -0.420178 -0.045597 -0.906296
vn -0.420178 -0.045597 -0.906296
vn -0.814362 -0.325925 -0.480195
vn -0.814362 -0.325925 -0.480195
vn -0.814362 -0.325925 -0.480195
vn -0.814362 -0.325925 -0.480195
vn -0.865733 -0.366734 0.340607
vn -0.865733 -0.366734 0.340607
vn -0.865733 -0.366734 0.340607
vn -0.865733 -0.366734 0.340607
vn -0.790781 0.535333 0.296789
vn -0.790781 0.535333 0.296789
vn -0.790781 0.535333 0.296789
vn -0.790781 0.535333 0.296789
vn -0.677403 0.630977 0.378145
vn -0.677403 0.630977 0.378145
vn -0.677403 0.630977 0.378145
vn -0.677403 0.630977 0.378145
vn -0.571354 0.755725 0.320053
vn -0.571354 0.755725 0.320053
vn -0.571354 0.755725 0.320053
vn -0.571354 0.755725 0.320053
vn -0.497922 0.857115 0.132017
vn -0.497922 0.857114 0.132017
vn -0.497922 0.857115 0.132017
vn -0.497922 0.857114 0.132017
vn -0.475342 0.871659 -0.119415
vn -0.475342 0.871660 -0.119415
vn -0.475342 0.871660 -0.119415
vn -0.475342 0.871660 -0.119415
vn -0.514770 0.794676 -0.321718
vn -0.514770 0.794676 -0.321718
vn -0.514770 0.794676 -0.321718
vn -0.514770 0.794676 -0.321718
vn -0.611141 0.681027 -0.403373
vn -0.611141 0.681027 -0.403373
vn -0.611141 0.681027 -0.403373
vn -0.611141 0.681027 -0.403373
vn -0.739416 0.577998 -0.345228
vn -0.739416 0.577998 -0.345228
vn -0.739416 0.577998 -0.345228
vn -0.739416 0.577998 -0.345228
vn -0.845695 0.510114 -0.156791
vn -0.845696 0.510114 -0.156791
vn -0.845695 0.510114 -0.156791
vn -0.845695 0.510114 -0.156791
vn -0.864795 0.493093 0.094809
vn -0.864795 0.493093 0.094809
vn -0.864795 0.493093 0.094809
vn -0.864795 0.493093 0.094809
vn -0.106352 0.709890 -0.696237
vn -0.106352 0.709890 -0.696237
vn -0.106352 0.709890 -0.696237
vn -0.106352 0.709890 -0.696237
vn -0.317798 0.448092 -0.835594
vn -0.317798 0.448092 -0.835594
vn -0.317798 0.448092 -0.835594
vn -0.317798 0.448092 -0.835594
vn -0.610359 0.227570 -0.758732
vn -0.610359 0.227570 -0.758732
vn -0.610359 0.227570 -0.758732
vn -0.610359 0.227570 -0.758732
vn -0.925615 0.054757 -0.374483
vn -0.925615 0.054757 -0.374484
vn -0.925615 0.054757 -0.374484
vn -0.925615 0.054757 -0.374483
vn -0.965855 0.015995 0.258590
vn -0.965855 0.015995 0.258590
vn -0.965855 0.015995 0.258590
vn -0.965855 0.015995 0.258590
vn -0.722498 0.136840 0.677696
vn -0.722498 0.136840 0.677696
vn -0.722498 0.136840 0.677696
vn -0.722498 0.136840 0.677696
vn -0.461651 0.346085 0.816764
vn -0.461651 0.346085 0.816764
vn -0.461651 0.346085 0.816764
vn -0.461651 0.346085 0.816764
vn -0.235187 0.631064 0.739220
vn -0.235187 0.631064 0.739220
vn -0.235187 0.631064 0.739220
vn -0.235187 0.631064 0.739220
vn -0.047739 0.933411 0.355618
vn -0.047739 0.933411 0.355618
vn -0.047739 0.933411 0.355618
vn -0.047739 0.933411 0.355618
vn 0.008318 0.960925 -0.276685
vn 0.008318 0.960925 -0.276684
vn 0.008318 0.960925 -0.276685
vn 0.008318 0.960925 -0.276685
vn 0.383701 0.354390 -0.852749
vn 0.383701 0.354390 -0.852749
vn 0.383701 0.354390 -0.852749
vn 0.383701 0.354390 -0.852749
vn 0.087871 0.060057 -0.994320
vn 0.087871 0.060057 -0.994320
vn 0.087871 0.060057 -0.994320
vn 0.087871 0.060057 -0.994320
vn -0.233618 -0.254272 -0.938493
vn -0.233618 -0.254272 -0.938493
vn -0.233618 -0.254272 -0.938493
vn -0.233618 -0.254272 -0.938493
vn -0.608289 -0.610911 -0.506728
vn -0.608289 -0.610911 -0.506728
vn -0.608289 -0.610911 -0.506728
vn -0.608289 -0.610911 -0.506728
vn -0.668466 -0.646953 0.366885
vn -0.668466 -0.646953 0.366885
vn -0.668466 -0.646953 0.366885
vn -0.668466 -0.646953 0.366885
vn -0.383700 -0.354391 0.852749
vn -0.383700 -0.354391 0.852749
vn -0.383700 -0.354391 0.852749
vn -0.383700 -0.354391 0.852749
vn -0.087871 -0.060057 0.994320
vn -0.087871 -0.060057 0.994320
vn -0.087871 -0.060057 0.994320
vn -0.087871 -0.060057 0.994320
vn 0.233616 0.254271 0.938493
vn 0.233616 0.254271 0.938493
vn 0.233616 0.254271 0.938493
vn 0.233616 0.254271 0.938493
vn 0.608288 0.610911 0.506728
vn 0.608288 0.610911 0.506728
vn 0.608289 0.610911 0.506728
vn 0.608288 0.610911 0.506728
vn 0.668469 0.646952 -0.366882
vn 0.668469 0.646952 -0.366882
vn 0.668469 0.646952 -0.366882
vn 0.668469 0.646952 -0.366882
vn 0.722503 -0.136840 -0.677691
vn 0.722503 -0.136840 -0.677691
vn 0.722503 -0.136840 -0.677691
vn 0.722503 -0.136840 -0.677691
vn 0.461653 -0.346087 -0.816762
vn 0.461653 -0.346087 -0.816762
vn 0.461653 -0.346087 -0.816762
vn 0.461653 -0.346087 -0.816762
vn 0.235182 -0.631058 -0.739226
vn 0.235182 -0.631058 -0.739226
vn 0.235182 -0.631059 -0.739226
vn 0.235182 -0.631058 -0.739226
vn 0.047735 -0.933413 -0.355615
vn 0.047735 -0.933413 -0.355615
vn 0.047735 -0.933413 -0.355615
vn 0.047735 -0.933413 -0.355615
vn -0.008322 -0.960925 0.276685
vn -0.008322 -0.960925 0.276685
vn -0.008322 -0.960925 0.276685
vn -0.008322 -0.960925 0.276685
vn 0.106352 -0.709892 0.696235
vn 0.106352 -0.709892 0.696234
vn 0.106352 -0.709892 0.696234
vn 0.106352 -0.709892 0.696234
vn 0.317794 -0.448087 0.835599
vn 0.317794 -0.448087 0.835599
vn 0.317794 -0.448087 0.835599
vn 0.317794 -0.448087 0.835599
vn 0.610361 -0.227571 0.758730
vn 0.610361 -0.227571 0.758730
vn 0.610361 -0.227571 0.758730
vn 0.610361 -0.227571 0.758730
vn 0.925615 -0.054759 0.374484
vn 0.925615 -0.054759 0.374484
vn 0.925615 -0.054759 0.374484
vn 0.925615 -0.054759 0.374484
vn 0.965855 -0.015995 -0.258588
vn 0.965855 -0.015995 -0.258588
vn 0.965855 -0.015995 -0.258588
vn 0.965855 -0.015995 -0.258588
vn 0.514771 -0.794674 0.321720
vn 0.514771 -0.794674 0.321720
vn 0.514771 -0.794674 0.321720
vn 0.514771 -0.794674 0.321720
vn 0.611139 -0.681025 0.403379
vn 0.611139 -0.681025 0.403379
vn 0.611139 -0.681025 0.403379
vn 0.611139 -0.681025 0.403379
vn 0.739415 -0.577995 0.345236
vn 0.739415 -0.577995 0.345236
vn 0.739415 -0.577995 0.345236
vn 0.739415 -0.577995 0.345236
vn 0.845696 -0.510117 0.156776
vn 0.845696 -0.510117 0.156776
vn 0.845696 -0.510117 0.156776
vn 0.845696 -0.510117 0.156776
vn 0.864795 -0.493096 -0.094801
vn 0.864795 -0.493096 -0.094801
vn 0.864795 -0.493096 -0.094801
vn 0.864795 -0.493096 -0.094801
vn 0.790782 -0.535333 -0.296787
vn 0.790782 -0.535333 -0.296787
vn 0.790782 -0.535333 -0.296787
vn 0.790782 -0.535333 -0.296787
vn 0.677401 -0.630975 -0.378150
vn 0.677401 -0.630975 -0.378150
vn 0.677401 -0.630975 -0.378150
vn 0.677401 -0.630975 -0.378150
vn 0.571355 -0.755725 -0.320051
vn 0.571355 -0.755725 -0.320051
vn 0.571355 -0.755725 -0.320051
vn 0.571355 -0.755725 -0.320051
vn 0.497925 -0.857115 -0.132004
vn 0.497925 -0.857115 -0.132004
vn 0.497925 -0.857115 -0.132004
vn 0.497925 -0.857115 -0.132004
vn 0.475346 -0.871658 0.119408
vn 0.475346 -0.871658 0.119408
vn 0.475346 -0.871658 0.119408
vn 0.475346 -0.871658 0.119408
vn -0.179012 -0.535679 0.825229
vn -0.179012 -0.535679 0.825229
vn -0.179012 -0.535679 0.825229
vn -0.179012 -0.535679 0.825229
vn 0.089578 -0.236198 0.967567
vn 0.089578 -0.236198 0.967567
vn 0.089578 -0.236198 0.967567
vn 0.089578 -0.236198 0.967567
vn 0.420177 0.045596 0.906296
vn 0.420177 0.045596 0.906296
vn 0.420177 0.045596 0.906296
vn 0.420177 0.045596 0.906296
vn 0.814361 0.325923 0.480198
vn 0.814361 0.325923 0.480198
vn 0.814361 0.325923 0.480198
vn 0.814361 0.325923 0.480198
vn 0.865733 0.366731 -0.340610
vn 0.865733 0.366731 -0.340610
vn 0.865733 0.366731 -0.340610
vn 0.865733 0.366731 -0.340610
vn 0.558978 0.146936 -0.816060
vn 0.558978 0.146936 -0.816060
vn 0.558978 0.146936 -0.816060
vn 0.558978 0.146936 -0.816060
vn 0.259274 -0.119355 -0.958400
vn 0.259274 -0.119355 -0.958400
vn 0.259274 -0.119355 -0.958400
vn 0.259274 -0.119355 -0.958400
vn -0.029162 -0.442217 -0.896434
vn -0.029162 -0.442218 -0.896434
vn -0.029162 -0.442218 -0.896434
vn -0.029162 -0.442217 -0.896434
vn -0.327191 -0.819568 -0.470377
vn -0.327191 -0.819568 -0.470377
vn -0.327191 -0.819568 -0.470377
vn -0.327191 -0.819568 -0.470377
vn -0.391789 -0.850978 0.349769
vn -0.391789 -0.850978 0.349769
vn -0.391789 -0.850978 0.349769
vn -0.391789 -0.850978 0.349769
vn -0.164317 0.506296 0.846560
vn -0.164317 0.506296 0.846560
vn -0.164317 0.506297 0.846560
vn -0.164317 0.506296 0.846560
vn 0.083449 0.181065 0.979924
vn 0.083449 0.181065 0.979924
vn 0.083449 0.181065 0.979924
vn 0.083449 0.181065 0.979924
vn 0.397356 -0.118342 0.910002
vn 0.397356 -0.118342 0.910002
vn 0.397356 -0.118342 0.910002
vn 0.397356 -0.118342 0.910002
vn 0.781757 -0.400432 0.478027
vn 0.781757 -0.400432 0.478027
vn 0.781757 -0.400432 0.478027
vn 0.781757 -0.400432 0.478027
vn 0.848832 -0.402607 -0.342625
vn 0.848832 -0.402607 -0.342625
vn 0.848832 -0.402607 -0.342625
vn 0.848832 -0.402607 -0.342625
vn 0.565777 -0.139606 -0.812654
vn 0.565777 -0.139606 -0.812654
vn 0.565777 -0.139606 -0.812654
vn 0.565777 -0.139606 -0.812654
vn 0.285740 0.151276 -0.946292
vn 0.285740 0.151276 -0.946292
vn 0.285740 0.151276 -0.946292
vn 0.285740 0.151276 -0.946292
vn 0.017538 0.485377 -0.874129
vn 0.017538 0.485377 -0.874129
vn 0.017538 0.485377 -0.874129
vn 0.017538 0.485377 -0.874129
vn -0.264121 0.857085 -0.442318
vn -0.264121 0.857085 -0.442318
vn -0.264121 0.857085 -0.442318
vn -0.264121 0.857085 -0.442318
vn -0.347300 0.858874 0.376455
vn -0.347301 0.858874 0.376455
vn -0.347301 0.858874 0.376455
vn -0.347301 0.858874 0.376455
vn 0.559064 0.747803 0.358103
vn 0.559064 0.747803 0.358103
vn 0.559064 0.747803 0.358103
vn 0.559064 0.747803 0.358103
vn 0.647391 0.624034 0.437568
vn 0.647391 0.624034 0.437568
vn 0.647391 0.624034 0.437568
vn 0.647391 0.624034 0.437568
vn 0.770091 0.514922 0.376583
vn 0.770091 0.514922 0.376583
vn 0.770091 0.514922 0.376584
vn 0.770091 0.514922 0.376584
vn 0.874171 0.448678 0.185780
vn 0.874171 0.448678 0.185780
vn 0.874171 0.448678 0.185780
vn 0.874171 0.448678 0.185780
vn 0.894623 0.441880 -0.066278
vn 0.894623 0.441880 -0.066278
vn 0.894623 0.441880 -0.066278
vn 0.894623 0.441880 -0.066278
vn 0.825498 0.497521 -0.266507
vn 0.825498 0.497521 -0.266507
vn 0.825498 0.497521 -0.266507
vn 0.825498 0.497521 -0.266507
vn 0.719403 0.602876 -0.344964
vn 0.719403 0.602876 -0.344964
vn 0.719403 0.602876 -0.344964
vn 0.719403 0.602876 -0.344964
vn 0.620850 0.730575 -0.284264
vn 0.620850 0.730575 -0.284264
vn 0.620850 0.730575 -0.284264
vn 0.620850 0.730575 -0.284264
vn 0.551742 0.828594 -0.094933
vn 0.551742 0.828594 -0.094933
vn 0.551742 0.828594 -0.094933
vn 0.551742 0.828594 -0.094933
vn 0.527035 0.835280 0.156654
vn 0.527035 0.835280 0.156654
vn 0.527035 0.835280 0.156654
vn 0.527035 0.835280 0.156654
vn 0.740696 0.125312 -0.660050
vn 0.740696 0.125312 -0.660050
vn 0.740696 0.125312 -0.660050
vn 0.740696 0.125312 -0.660050
vn 0.496203 0.355445 -0.792112
vn 0.496203 0.355445 -0.792112
vn 0.496203 0.355445 -0.792112
vn 0.496203 0.355445 -0.792112
vn 0.287186 0.646598 -0.706708
vn 0.287186 0.646598 -0.706708
vn 0.287186 0.646598 -0.706708
vn 0.287186 0.646598 -0.706708
vn 0.112524 0.940833 -0.319644
vn 0.112524 0.940833 -0.319644
vn 0.112524 0.940833 -0.319644
vn 0.112524 0.940833 -0.319644
vn 0.045458 0.948995 0.311997
vn 0.045458 0.948995 0.311997
vn 0.045458 0.948995 0.311997
vn 0.045458 0.948995 0.311997
vn 0.136251 0.671386 0.728475
vn 0.136251 0.671386 0.728475
vn 0.136251 0.671386 0.728475
vn 0.136251 0.671386 0.728475
vn 0.329360 0.387061 0.861224
vn 0.329360 0.387061 0.861224
vn 0.329360 0.387061 0.861224
vn 0.329360 0.387061 0.861224
vn 0.610105 0.150638 0.777869
vn 0.610105 0.150638 0.777869
vn 0.610105 0.150638 0.777869
vn 0.610105 0.150638 0.777869
vn 0.921169 -0.022623 0.388506
vn 0.921169 -0.022623 0.388506
vn 0.921169 -0.022623 0.388506
vn 0.921169 -0.022623 0.388506
vn 0.968937 -0.031273 -0.245324
vn 0.968937 -0.031273 -0.245324
vn 0.968937 -0.031273 -0.245324
vn 0.968937 -0.031273 -0.245324
vn 0.380440 -0.334687 -0.862119
vn 0.380440 -0.334687 -0.862119
vn 0.380440 -0.334687 -0.862119
vn 0.380440 -0.334687 -0.862119
vn 0.105446 -0.014467 -0.994320
vn 0.105446 -0.014467 -0.994320
vn 0.105446 -0.014467 -0.994320
vn 0.105446 -0.014467 -0.994320
vn -0.196489 0.315253 -0.928444
vn -0.196489 0.315253 -0.928444
vn -0.196489 0.315253 -0.928444
vn -0.196489 0.315253 -0.928444
vn -0.556304 0.670902 -0.490324
vn -0.556304 0.670902 -0.490323
vn -0.556304 0.670902 -0.490324
vn -0.556304 0.670902 -0.490323
vn -0.636538 0.669889 0.382188
vn -0.636538 0.669889 0.382188
vn -0.636538 0.669889 0.382188
vn -0.636538 0.669889 0.382188
vn -0.380439 0.334687 0.862120
vn -0.380439 0.334687 0.862120
vn -0.380439 0.334687 0.862120
vn -0.380439 0.334687 0.862120
vn -0.105446 0.014467 0.994320
vn -0.105446 0.014467 0.994320
vn -0.105446 0.014467 0.994320
vn -0.105446 0.014467 0.994320
vn 0.196490 -0.315251 0.928444
vn 0.196490 -0.315251 0.928444
vn 0.196490 -0.315251 0.928444
vn 0.196490 -0.315251 0.928444
vn 0.556307 -0.670905 0.490315
vn 0.556307 -0.670905 0.490315
vn 0.556307 -0.670905 0.490315
vn 0.556307 -0.670905 0.490315
vn 0.636537 -0.669893 -0.382183
vn 0.636537 -0.669893 -0.382183
vn 0.636537 -0.669893 -0.382183
vn 0.636537 -0.669893 -0.382183
vn -0.136254 -0.671389 -0.728473
vn -0.136254 -0.671389 -0.728473
vn -0.136254 -0.671389 -0.728473
vn -0.136254 -0.671389 -0.728473
vn -0.329361 -0.387061 -0.861223
vn -0.329361 -0.387061 -0.861223
vn -0.329361 -0.387061 -0.861223
vn -0.329361 -0.387061 -0.861223
vn -0.610102 -0.150637 -0.777872
vn -0.610102 -0.150637 -0.777872
vn -0.610102 -0.150637 -0.777872
vn -0.610102 -0.150637 -0.777872
vn -0.921169 0.022622 -0.388504
vn -0.921169 0.022622 -0.388504
vn -0.921169 0.022622 -0.388504
vn -0.921169 0.022622 -0.388504
vn -0.968937 0.031273 0.245322
vn -0.968937 0.031273 0.245322
vn -0.968937 0.031273 0.245322
vn -0.968937 0.031273 0.245322
vn -0.740698 -0.125313 0.660048
vn -0.740698 -0.125313 0.660048
vn -0.740698 -0.125313 0.660048
vn -0.740698 -0.125313 0.660048
vn -0.496202 -0.355444 0.792113
vn -0.496201 -0.355444 0.792113
vn -0.496202 -0.355444 0.792113
vn -0.496201 -0.355444 0.792113
vn -0.287190 -0.646600 0.706704
vn -0.287190 -0.646600 0.706704
vn -0.287190 -0.646600 0.706704
vn -0.287190 -0.646600 0.706704
vn -0.112528 -0.940832 0.319644
vn -0.112528 -0.940832 0.319644
vn -0.112528 -0.940832 0.319644
vn -0.112528 -0.940832 0.319644
vn -0.045458 -0.948993 -0.312003
vn -0.045458 -0.948993 -0.312003
vn -0.045458 -0.948993 -0.312003
vn -0.045458 -0.948993 -0.312003
vn -0.825500 -0.497522 0.266501
vn -0.825500 -0.497522 0.266501
vn -0.825500 -0.497522 0.266501
vn -0.825500 -0.497522 0.266501
vn -0.719400 -0.602872 0.344977
vn -0.719400 -0.602872 0.344977
vn -0.719400 -0.602872 0.344977
vn -0.719400 -0.602872 0.344977
vn -0.620849 -0.730574 0.284266
vn -0.620849 -0.730574 0.284266
vn -0.620849 -0.730574 0.284266
vn -0.620850 -0.730574 0.284266
vn -0.551745 -0.828593 0.094932
vn -0.551745 -0.828593 0.094932
vn -0.551745 -0.828593 0.094932
vn -0.551745 -0.828593 0.094932
vn -0.527037 -0.835280 -0.156654
vn -0.527037 -0.835279 -0.156654
vn -0.527037 -0.835280 -0.156654
vn -0.527037 -0.835280 -0.156654
vn -0.559066 -0.747805 -0.358097
vn -0.559066 -0.747805 -0.358097
vn -0.559066 -0.747805 -0.358097
vn -0.559066 -0.747805 -0.358097
vn -0.647388 -0.624029 -0.437581
vn -0.647388 -0.624029 -0.437581
vn -0.647388 -0.624029 -0.437581
vn -0.647388 -0.624029 -0.437581
vn -0.770093 -0.514924 -0.376577
vn -0.770093 -0.514924 -0.376577
vn -0.770093 -0.514924 -0.376577
vn -0.770093 -0.514924 -0.376577
vn -0.874171 -0.448678 -0.185778
vn -0.874171 -0.448678 -0.185778
vn -0.874171 -0.448678 -0.185778
vn -0.874171 -0.448678 -0.185778
vn -0.894623 -0.441879 0.066274
vn -0.894623 -0.441879 0.066274
vn -0.894623 -0.441879 0.066274
vn -0.894623 -0.441879 0.066274
vn -0.565778 0.139605 0.812654
vn -0.565778 0.139605 0.812654
vn -0.565778 0.139605 0.812654
vn -0.565778 0.139605 0.812654
vn -0.285740 -0.151277 0.946292
vn -0.285740 -0.151277 0.946292
vn -0.285740 -0.151277 0.946292
vn -0.285740 -0.151277 0.946292
vn -0.017536 -0.485376 0.874130
vn -0.017536 -0.485376 0.874130
vn -0.017536 -0.485376 0.874130
vn -0.017536 -0.485376 0.874130
vn 0.264125 -0.857086 0.442314
vn 0.264125 -0.857086 0.442315
vn 0.264125 -0.857086 0.442314
vn 0.264125 -0.857086 0.442315
vn 0.347305 -0.858875 -0.376448
vn 0.347305 -0.858875 -0.376448
vn 0.347305 -0.858875 -0.376448
vn 0.347305 -0.858875 -0.376448
vn 0.164320 -0.506299 -0.846558
vn 0.164320 -0.506299 -0.846558
vn 0.164320 -0.506299 -0.846558
vn 0.164320 -0.506299 -0.846558
vn -0.083449 -0.181066 -0.979924
vn -0.083449 -0.181066 -0.979924
vn -0.083449 -0.181066 -0.979924
vn -0.083449 -0.181066 -0.979924
vn -0.397357 0.118342 -0.910001
vn -0.397357 0.118342 -0.910001
vn -0.397357 0.118342 -0.910001
vn -0.397357 0.118342 -0.910001
vn -0.781760 0.400433 -0.478022
vn -0.781760 0.400433 -0.478022
vn -0.781760 0.400433 -0.478022
vn -0.781760 0.400433 -0.478022
vn -0.848833 0.402605 0.342625
vn -0.848833 0.402605 0.342625
vn -0.848833 0.402605 0.342625
vn -0.848833 0.402605 0.342625
vn -0.750316 -0.372681 0.546018
vn -0.750316 -0.372681 0.546018
vn -0.750316 -0.372681 0.546018
vn -0.750316 -0.372681 0.546018
vn -0.675683 0.036040 0.736311
vn -0.675683 0.036040 0.736311
vn -0.675683 0.036040 0.736311
vn -0.675683 0.036040 0.736311
vn -0.514886 0.520267 0.681334
vn -0.514886 0.520267 0.681334
vn -0.514886 0.520267 0.681334
vn -0.514886 0.520267 0.681334
vn -0.229998 0.932360 0.278939
vn -0.229998 0.932360 0.278939
vn -0.229998 0.932360 0.278939
vn -0.229998 0.932360 0.278939
vn 0.053286 0.949969 -0.307764
vn 0.053286 0.949969 -0.307764
vn 0.053286 0.949969 -0.307764
vn 0.053286 0.949969 -0.307764
vn 0.166881 0.661106 -0.731498
vn 0.166881 0.661106 -0.731498
vn 0.166881 0.661106 -0.731498
vn 0.166881 0.661106 -0.731498
vn 0.114296 0.262721 -0.958078
vn 0.114296 0.262721 -0.958078
vn 0.114296 0.262721 -0.958078
vn 0.114296 0.262721 -0.958078
vn -0.111344 -0.220955 -0.968907
vn -0.111344 -0.220955 -0.968907
vn -0.111344 -0.220955 -0.968907
vn -0.111344 -0.220955 -0.968907
vn -0.490434 -0.662060 -0.566702
vn -0.490434 -0.662060 -0.566702
vn -0.490434 -0.662060 -0.566702
vn -0.490434 -0.662060 -0.566702
vn -0.730205 -0.675417 0.103021
vn -0.730205 -0.675416 0.103021
vn -0.730205 -0.675417 0.103021
vn -0.730205 -0.675417 0.103021
vn -0.962622 0.259467 -0.077690
vn -0.962622 0.259467 -0.077690
vn -0.962622 0.259467 -0.077690
vn -0.962622 0.259467 -0.077690
vn -0.925525 0.378497 -0.011964
vn -0.925525 0.378497 -0.011964
vn -0.925525 0.378497 -0.011964
vn -0.925525 0.378497 -0.011964
vn -0.857005 0.513172 -0.046872
vn -0.857005 0.513172 -0.046872
vn -0.857005 0.513172 -0.046872
vn -0.857005 0.513172 -0.046872
vn -0.772881 0.612025 -0.167569
vn -0.772881 0.612025 -0.167569
vn -0.772881 0.612025 -0.167569
vn -0.772881 0.612025 -0.167569
vn -0.699259 0.634869 -0.328599
vn -0.699259 0.634869 -0.328599
vn -0.699259 0.634869 -0.328599
vn -0.699259 0.634869 -0.328599
vn -0.668248 0.575653 -0.471242
vn -0.668248 0.575653 -0.471242
vn -0.668248 0.575653 -0.471242
vn -0.668248 0.575653 -0.471242
vn -0.699631 0.459623 -0.547050
vn -0.699631 0.459623 -0.547050
vn -0.699631 0.459623 -0.547050
vn -0.699631 0.459623 -0.547050
vn -0.786052 0.326776 -0.524728
vn -0.786052 0.326776 -0.524728
vn -0.786052 0.326776 -0.524728
vn -0.786052 0.326776 -0.524728
vn -0.887580 0.225814 -0.401509
vn -0.887580 0.225814 -0.401509
vn -0.887580 0.225814 -0.401509
vn -0.887580 0.225814 -0.401509
vn -0.953329 0.200053 -0.226148
vn -0.953329 0.200053 -0.226148
vn -0.953329 0.200053 -0.226148
vn -0.953329 0.200053 -0.226148
vn -0.225473 0.692778 -0.684997
vn -0.225473 0.692778 -0.684997
vn -0.225473 0.692778 -0.684997
vn -0.225473 0.692778 -0.684997
vn -0.277453 0.394785 -0.875880
vn -0.277453 0.394784 -0.875880
vn -0.277453 0.394785 -0.875880
vn -0.277453 0.394784 -0.875880
vn -0.491195 0.042244 -0.870025
vn -0.491195 0.042244 -0.870025
vn -0.491195 0.042244 -0.870025
vn -0.491195 0.042244 -0.870025
vn -0.789758 -0.255913 -0.557486
vn -0.789758 -0.255913 -0.557486
vn -0.789758 -0.255913 -0.557487
vn -0.789758 -0.255913 -0.557486
vn -0.952509 -0.298582 -0.059788
vn -0.952510 -0.298582 -0.059788
vn -0.952509 -0.298582 -0.059788
vn -0.952509 -0.298582 -0.059788
vn -0.947477 -0.103810 0.302507
vn -0.947477 -0.103810 0.302507
vn -0.947477 -0.103810 0.302507
vn -0.947477 -0.103810 0.302507
vn -0.869266 0.207098 0.448872
vn -0.869267 0.207098 0.448872
vn -0.869267 0.207098 0.448872
vn -0.869267 0.207098 0.448872
vn -0.735753 0.564411 0.374310
vn -0.735753 0.564411 0.374310
vn -0.735753 0.564411 0.374310
vn -0.735753 0.564411 0.374310
vn -0.533880 0.842795 0.068336
vn -0.533880 0.842795 0.068336
vn -0.533880 0.842795 0.068336
vn -0.533880 0.842795 0.068336
vn -0.326471 0.878965 -0.347616
vn -0.326471 0.878965 -0.347616
vn -0.326471 0.878965 -0.347616
vn -0.326471 0.878965 -0.347616
vn 0.484989 0.550460 -0.679544
vn 0.484989 0.550460 -0.679544
vn 0.484989 0.550460 -0.679544
vn 0.484989 0.550459 -0.679544
vn 0.424294 0.117805 -0.897829
vn 0.424294 0.117805 -0.897829
vn 0.424294 0.117805 -0.897829
vn 0.424294 0.117805 -0.897829
vn 0.231961 -0.406665 -0.883639
vn 0.231961 -0.406665 -0.883639
vn 0.231961 -0.406665 -0.883639
vn 0.231961 -0.406665 -0.883639
vn -0.119926 -0.882654 -0.454466
vn -0.119926 -0.882654 -0.454466
vn -0.119926 -0.882654 -0.454466
vn -0.119926 -0.882654 -0.454466
vn -0.410107 -0.883603 0.225961
vn -0.410107 -0.883603 0.225961
vn -0.410107 -0.883603 0.225961
vn -0.410107 -0.883603 0.225961
vn -0.484988 -0.550458 0.679545
vn -0.484988 -0.550458 0.679546
vn -0.484988 -0.550458 0.679545
vn -0.484988 -0.550458 0.679545
vn -0.424295 -0.117806 0.897828
vn -0.424295 -0.117806 0.897828
vn -0.424295 -0.117806 0.897828
vn -0.424295 -0.117806 0.897828
vn -0.231961 0.406663 0.883640
vn -0.231961 0.406663 0.883640
vn -0.231961 0.406663 0.883640
vn -0.231961 0.406663 0.883640
vn 0.119924 0.882655 0.454464
vn 0.119924 0.882656 0.454464
vn 0.119924 0.882655 0.454464
vn 0.119924 0.882656 0.454464
vn 0.410108 0.883603 -0.225959
vn 0.410108 0.883603 -0.225959
vn 0.410108 0.883603 -0.225959
vn 0.410108 0.883603 -0.225959
vn 0.947478 0.103811 -0.302505
vn 0.947478 0.103811 -0.302505
vn 0.947478 0.103811 -0.302505
vn 0.947478 0.103811 -0.302505
vn 0.869268 -0.207101 -0.448868
vn 0.869268 -0.207101 -0.448868
vn 0.869268 -0.207101 -0.448868
vn 0.869268 -0.207101 -0.448868
vn 0.735754 -0.564410 -0.374308
vn 0.735755 -0.564410 -0.374308
vn 0.735755 -0.564410 -0.374308
vn 0.735755 -0.564410 -0.374308
vn 0.533880 -0.842795 -0.068334
vn 0.533880 -0.842795 -0.068334
vn 0.533880 -0.842795 -0.068334
vn 0.533880 -0.842795 -0.068334
vn 0.326470 -0.878965 0.347618
vn 0.326470 -0.878965 0.347618
vn 0.326470 -0.878965 0.347618
vn 0.326470 -0.878965 0.347618
vn 0.225472 -0.692781 0.684994
vn 0.225472 -0.692781 0.684995
vn 0.225472 -0.692781 0.684995
vn 0.225472 -0.692781 0.684995
vn 0.277453 -0.394784 0.875880
vn 0.277453 -0.394784 0.875880
vn 0.277453 -0.394784 0.875880
vn 0.277453 -0.394784 0.875880
vn 0.491195 -0.042241 0.870025
vn 0.491195 -0.042241 0.870025
vn 0.491195 -0.042241 0.870025
vn 0.491195 -0.042241 0.870025
vn 0.789762 0.255906 0.557484
vn 0.789762 0.255906 0.557484
vn 0.789762 0.255906 0.557484
vn 0.789762 0.255906 0.557484
vn 0.952509 0.298584 0.059788
vn 0.952509 0.298584 0.059788
vn 0.952509 0.298584 0.059788
vn 0.952509 0.298584 0.059788
vn 0.668247 -0.575654 0.471241
vn 0.668247 -0.575654 0.471241
vn 0.668247 -0.575654 0.471241
vn 0.668247 -0.575654 0.471241
vn 0.699634 -0.459624 0.547045
vn 0.699634 -0.459624 0.547045
vn 0.699634 -0.459624 0.547045
vn 0.699634 -0.459624 0.547045
vn 0.786052 -0.326774 0.524729
vn 0.786052 -0.326774 0.524729
vn 0.786052 -0.326774 0.524729
vn 0.786052 -0.326774 0.524729
vn 0.887580 -0.225814 0.401511
vn 0.887580 -0.225814 0.401511
vn 0.887580 -0.225814 0.401511
vn 0.887580 -0.225814 0.401511
vn 0.953329 -0.200053 0.226148
vn 0.953329 -0.200053 0.226148
vn 0.953329 -0.200053 0.226148
vn 0.953329 -0.200053 0.226148
vn 0.962624 -0.259463 0.077686
vn 0.962624 -0.259463 0.077686
vn 0.962624 -0.259463 0.077686
vn 0.962624 -0.259463 0.077686
vn 0.925526 -0.378495 0.011969
vn 0.925526 -0.378495 0.011969
vn 0.925526 -0.378495 0.011969
vn 0.925526 -0.378495 0.011969
vn 0.857004 -0.513174 0.046877
vn 0.857004 -0.513174 0.046877
vn 0.857004 -0.513174 0.046877
vn 0.857004 -0.513174 0.046877
vn 0.772883 -0.612022 0.167575
vn 0.772883 -0.612022 0.167575
vn 0.772883 -0.612022 0.167575
vn 0.772883 -0.612022 0.167575
vn 0.699261 -0.634868 0.328600
vn 0.699261 -0.634868 0.328600
vn 0.699261 -0.634868 0.328600
vn 0.699261 -0.634868 0.328600
vn -0.166884 -0.661108 0.731496
vn -0.166884 -0.661108 0.731496
vn -0.166884 -0.661108 0.731496
vn -0.166884 -0.661108 0.731496
vn -0.114296 -0.262720 0.958079
vn -0.114295 -0.262720 0.958079
vn -0.114295 -0.262720 0.958079
vn -0.114295 -0.262720 0.958079
vn 0.111347 0.220955 0.968907
vn 0.111347 0.220955 0.968907
vn 0.111347 0.220955 0.968907
vn 0.111347 0.220955 0.968907
vn 0.490436 0.662056 0.566705
vn 0.490436 0.662056 0.566705
vn 0.490436 0.662056 0.566705
vn 0.490436 0.662056 0.566705
vn 0.730205 0.675417 -0.103018
vn 0.730205 0.675417 -0.103018
vn 0.730205 0.675417 -0.103018
vn 0.730205 0.675417 -0.103018
vn 0.750318 0.372678 -0.546017
vn 0.750318 0.372678 -0.546017
vn 0.750318 0.372678 -0.546017
vn 0.750318 0.372678 -0.546017
vn 0.675681 -0.036040 -0.736313
vn 0.675681 -0.036040 -0.736313
vn 0.675681 -0.036040 -0.736313
vn 0.675681 -0.036040 -0.736313
vn 0.514883 -0.520264 -0.681338
vn 0.514883 -0.520264 -0.681338
vn 0.514883 -0.520264 -0.681338
vn 0.514883 -0.520264 -0.681338
vn 0.229994 -0.932360 -0.278941
vn 0.229994 -0.932360 -0.278941
vn 0.229994 -0.932360 -0.278941
vn 0.229994 -0.932360 -0.278941
vn -0.053285 -0.949969 0.307764
vn -0.053285 -0.949970 0.307764
vn -0.053285 -0.949969 0.307764
vn -0.053285 -0.949970 0.307764
vn -0.232519 0.748627 0.620880
vn -0.232519 0.748627 0.620880
vn -0.232519 0.748627 0.620880
vn -0.232519 0.748627 0.620880
vn -0.006524 0.379807 0.925043
vn -0.006524 0.379807 0.925043
vn -0.006524 0.379807 0.925043
vn -0.006524 0.379807 0.925043
vn 0.360734 -0.048600 0.931402
vn 0.360734 -0.048600 0.931402
vn 0.360734 -0.048600 0.931402
vn 0.360734 -0.048600 0.931402
vn 0.754573 -0.374947 0.538548
vn 0.754573 -0.374947 0.538548
vn 0.754573 -0.374947 0.538548
vn 0.754573 -0.374947 0.538548
vn 0.916851 -0.374379 -0.138651
vn 0.916851 -0.374379 -0.138651
vn 0.916851 -0.374379 -0.138651
vn 0.916851 -0.374379 -0.138651
vn 0.748942 -0.058770 -0.660025
vn 0.748941 -0.058770 -0.660025
vn 0.748942 -0.058770 -0.660025
vn 0.748941 -0.058770 -0.660025
vn 0.436771 0.343905 -0.831240
vn 0.436771 0.343905 -0.831240
vn 0.436771 0.343905 -0.831240
vn 0.436771 0.343905 -0.831240
vn 0.116844 0.697902 -0.706597
vn 0.116844 0.697902 -0.706597
vn 0.116844 0.697902 -0.706597
vn 0.116844 0.697902 -0.706597
vn -0.143081 0.924873 -0.352333
vn -0.143081 0.924873 -0.352333
vn -0.143081 0.924873 -0.352333
vn -0.143081 0.924873 -0.352333
vn -0.277062 0.950390 0.141405
vn -0.277062 0.950390 0.141405
vn -0.277062 0.950390 0.141405
vn -0.277062 0.950390 0.141405
vn 0.379772 0.903852 0.197042
vn 0.379772 0.903852 0.197042
vn 0.379772 0.903852 0.197042
vn 0.379772 0.903852 0.197042
vn 0.459522 0.845465 0.272083
vn 0.459522 0.845464 0.272083
vn 0.459522 0.845465 0.272083
vn 0.459522 0.845465 0.272083
vn 0.570022 0.778072 0.263969
vn 0.570022 0.778072 0.263969
vn 0.570022 0.778071 0.263969
vn 0.570022 0.778071 0.263969
vn 0.665117 0.728426 0.164359
vn 0.665117 0.728426 0.164359
vn 0.665117 0.728426 0.164359
vn 0.665117 0.728426 0.164359
vn 0.695582 0.718312 0.013937
vn 0.695582 0.718312 0.013937
vn 0.695582 0.718312 0.013937
vn 0.695582 0.718312 0.013937
vn 0.649437 0.751631 -0.115246
vn 0.649437 0.751631 -0.115246
vn 0.649437 0.751631 -0.115246
vn 0.649437 0.751631 -0.115246
vn 0.556697 0.812757 -0.171800
vn 0.556697 0.812757 -0.171800
vn 0.556697 0.812757 -0.171800
vn 0.556697 0.812757 -0.171800
vn 0.457481 0.877262 -0.145338
vn 0.457481 0.877262 -0.145338
vn 0.457481 0.877262 -0.145338
vn 0.457481 0.877262 -0.145338
vn 0.382853 0.922299 -0.052800
vn 0.382853 0.922299 -0.052800
vn 0.382853 0.922299 -0.052800
vn 0.382853 0.922299 -0.052800
vn 0.353390 0.932502 0.074532
vn 0.353390 0.932502 0.074532
vn 0.353390 0.932502 0.074532
vn 0.353390 0.932502 0.074532
vn 0.801546 0.404923 -0.439956
vn 0.801546 0.404923 -0.439956
vn 0.801546 0.404923 -0.439956
vn 0.801546 0.404923 -0.439956
vn 0.543233 0.629473 -0.555573
vn 0.543233 0.629473 -0.555573
vn 0.543233 0.629473 -0.555573
vn 0.543233 0.629473 -0.555573
vn 0.300522 0.834977 -0.460977
vn 0.300522 0.834977 -0.460977
vn 0.300522 0.834977 -0.460977
vn 0.300522 0.834977 -0.460977
vn 0.119713 0.969031 -0.215981
vn 0.119713 0.969031 -0.215981
vn 0.119713 0.969031 -0.215981
vn 0.119713 0.969031 -0.215981
vn 0.035105 0.992816 0.114387
vn 0.035105 0.992816 0.114387
vn 0.035105 0.992816 0.114387
vn 0.035105 0.992816 0.114387
vn 0.075501 0.892328 0.445029
vn 0.075501 0.892328 0.445029
vn 0.075501 0.892328 0.445029
vn 0.075501 0.892328 0.445029
vn 0.254666 0.690515 0.677005
vn 0.254666 0.690515 0.677005
vn 0.254666 0.690515 0.677005
vn 0.254666 0.690515 0.677005
vn 0.556277 0.444829 0.701914
vn 0.556277 0.444829 0.701914
vn 0.556277 0.444829 0.701914
vn 0.556277 0.444829 0.701914
vn 0.870938 0.255063 0.420012
vn 0.870938 0.255063 0.420012
vn 0.870938 0.255063 0.420012
vn 0.870938 0.255063 0.420012
vn 0.967421 0.243175 -0.070449
vn 0.967421 0.243175 -0.070449
vn 0.967421 0.243175 -0.070449
vn 0.967421 0.243175 -0.070449
vn 0.525712 -0.471261 -0.708195
vn 0.525712 -0.471261 -0.708195
vn 0.525712 -0.471261 -0.708195
vn 0.525712 -0.471261 -0.708195
vn 0.251888 -0.007650 -0.967726
vn 0.251888 -0.007650 -0.967726
vn 0.251888 -0.007650 -0.967726
vn 0.251888 -0.007650 -0.967726
vn -0.104604 0.450479 -0.886638
vn -0.104604 0.450479 -0.886638
vn -0.104604 0.450479 -0.886638
vn -0.104604 0.450479 -0.886638
vn -0.439299 0.763535 -0.473318
vn -0.439299 0.763535 -0.473318
vn -0.439299 0.763535 -0.473318
vn -0.439299 0.763535 -0.473318
vn -0.609453 0.777524 0.154996
vn -0.609453 0.777524 0.154996
vn -0.609453 0.777524 0.154995
vn -0.609453 0.777524 0.154995
vn -0.525708 0.471262 0.708197
vn -0.525708 0.471262 0.708197
vn -0.525708 0.471262 0.708197
vn -0.525708 0.471262 0.708197
vn -0.251885 0.007652 0.967727
vn -0.251885 0.007652 0.967727
vn -0.251885 0.007652 0.967727
vn -0.251885 0.007652 0.967727
vn 0.104605 -0.450473 0.886641
vn 0.104605 -0.450473 0.886640
vn 0.104605 -0.450473 0.886641
vn 0.104605 -0.450473 0.886641
vn 0.439296 -0.763539 0.473315
vn 0.439296 -0.763539 0.473315
vn 0.439296 -0.763539 0.473315
vn 0.439296 -0.763539 0.473315
vn 0.609448 -0.777528 -0.154994
vn 0.609448 -0.777528 -0.154994
vn 0.609448 -0.777528 -0.154994
vn 0.609448 -0.777528 -0.154994
vn -0.075504 -0.892330 -0.445025
vn -0.075504 -0.892330 -0.445025
vn -0.075504 -0.892330 -0.445025
vn -0.075504 -0.892330 -0.445025
vn -0.254666 -0.690511 -0.677008
vn -0.254666 -0.690511 -0.677008
vn -0.254666 -0.690511 -0.677008
vn -0.254666 -0.690511 -0.677008
vn -0.556269 -0.444824 -0.701923
vn -0.556269 -0.444824 -0.701923
vn -0.556269 -0.444824 -0.701923
vn -0.556269 -0.444824 -0.701923
vn -0.870938 -0.255055 -0.420016
vn -0.870938 -0.255055 -0.420016
vn -0.870938 -0.255055 -0.420016
vn -0.870938 -0.255055 -0.420016
vn -0.967420 -0.243177 0.070449
vn -0.967420 -0.243177 0.070449
vn -0.967420 -0.243177 0.070449
vn -0.967420 -0.243177 0.070449
vn -0.801544 -0.404925 0.439958
vn -0.801544 -0.404925 0.439958
vn -0.801544 -0.404925 0.439958
vn -0.801544 -0.404925 0.439958
vn -0.543234 -0.629474 0.555571
vn -0.543234 -0.629474 0.555571
vn -0.543234 -0.629474 0.555571
vn -0.543234 -0.629474 0.555571
vn -0.300522 -0.834978 0.460975
vn -0.300522 -0.834978 0.460975
vn -0.300522 -0.834978 0.460975
vn -0.300522 -0.834978 0.460975
vn -0.119710 -0.969030 0.215986
vn -0.119710 -0.969030 0.215985
vn -0.119710 -0.969030 0.215985
vn -0.119710 -0.969030 0.215985
vn -0.035105 -0.992816 -0.114386
vn -0.035105 -0.992816 -0.114386
vn -0.035105 -0.992816 -0.114386
vn -0.035105 -0.992816 -0.114386
vn -0.649435 -0.751633 0.115243
vn -0.649436 -0.751633 0.115243
vn -0.649436 -0.751633 0.115243
vn -0.649436 -0.751633 0.115243
vn -0.556698 -0.812756 0.171799
vn -0.556698 -0.812756 0.171799
vn -0.556698 -0.812756 0.171799
vn -0.556698 -0.812756 0.171799
vn -0.457481 -0.877262 0.145333
vn -0.457481 -0.877262 0.145333
vn -0.457481 -0.877262 0.145333
vn -0.457481 -0.877262 0.145333
vn -0.382857 -0.922298 0.052800
vn -0.382857 -0.922298 0.052800
vn -0.382857 -0.922297 0.052800
vn -0.382857 -0.922298 0.052800
vn -0.353389 -0.932503 -0.074534
vn -0.353389 -0.932503 -0.074534
vn -0.353389 -0.932502 -0.074534
vn -0.353389 -0.932502 -0.074534
vn -0.379775 -0.903850 -0.197043
vn -0.379775 -0.903850 -0.197043
vn -0.379775 -0.903850 -0.197043
vn -0.379775 -0.903850 -0.197043
vn -0.459523 -0.845466 -0.272078
vn -0.459523 -0.845466 -0.272078
vn -0.459523 -0.845466 -0.272078
vn -0.459523 -0.845466 -0.272078
vn -0.570026 -0.778070 -0.263966
vn -0.570026 -0.778070 -0.263966
vn -0.570025 -0.778070 -0.263966
vn -0.570026 -0.778070 -0.263966
vn -0.665118 -0.728424 -0.164371
vn -0.665118 -0.728424 -0.164371
vn -0.665118 -0.728424 -0.164371
vn -0.665118 -0.728424 -0.164371
vn -0.695581 -0.718313 -0.013934
vn -0.695581 -0.718313 -0.013934
vn -0.695581 -0.718313 -0.013934
vn -0.695581 -0.718313 -0.013934
vn -0.748940 0.058766 0.660027
vn -0.748940 0.058766 0.660027
vn -0.748940 0.058766 0.660027
vn -0.748940 0.058766 0.660027
vn -0.436768 -0.343901 0.831244
vn -0.436768 -0.343901 0.831244
vn -0.436768 -0.343901 0.831244
vn -0.436768 -0.343901 0.831244
vn -0.116842 -0.697899 0.706601
vn -0.116842 -0.697899 0.706601
vn -0.116842 -0.697899 0.706602
vn -0.116842 -0.697899 0.706601
vn 0.143080 -0.924876 0.352324
vn 0.143080 -0.924876 0.352324
vn 0.143080 -0.924876 0.352324
vn 0.143080 -0.924876 0.352324
vn 0.277060 -0.950391 -0.141402
vn 0.277060 -0.950391 -0.141402
vn 0.277060 -0.950391 -0.141402
vn 0.277060 -0.950391 -0.141402
vn 0.232518 -0.748624 -0.620884
vn 0.232518 -0.748624 -0.620884
vn 0.232518 -0.748624 -0.620884
vn 0.232518 -0.748624 -0.620884
vn 0.006524 -0.379806 -0.925043
vn 0.006524 -0.379806 -0.925043
vn 0.006524 -0.379806 -0.925043
vn 0.006524 -0.379806 -0.925043
vn -0.360732 0.048599 -0.931402
vn -0.360732 0.048599 -0.931402
vn -0.360732 0.048599 -0.931402
vn -0.360732 0.048599 -0.931402
vn -0.754577 0.374952 -0.538539
vn -0.754577 0.374952 -0.538539
vn -0.754577 0.374952 -0.538539
vn -0.754577 0.374952 -0.538539
vn -0.916852 0.374379 0.138650
vn -0.916852 0.374379 0.138650
vn -0.916852 0.374379 0.138650
vn -0.916852 0.374379 0.138650
vn -0.819470 0.312016 0.480744
vn -0.819470 0.312016 0.480744
vn -0.819470 0.312016 0.480744
vn -0.819470 0.312016 0.480745
vn -0.484785 0.552906 0.677701
vn -0.484785 0.552906 0.677701
vn -0.484785 0.552906 0.677701
vn -0.484785 0.552906 0.677701
vn -0.021549 0.770065 0.637601
vn -0.021549 0.770065 0.637601
vn -0.021549 0.770065 0.637601
vn -0.021549 0.770065 0.637601
vn 0.496165 0.827943 0.261401
vn 0.496165 0.827943 0.261401
vn 0.496165 0.827943 0.261401
vn 0.496165 0.827943 0.261401
vn 0.739554 0.602704 -0.299681
vn 0.739554 0.602704 -0.299681
vn 0.739554 0.602704 -0.299681
vn 0.739554 0.602704 -0.299681
vn 0.635197 0.296229 -0.713283
vn 0.635197 0.296229 -0.713283
vn 0.635197 0.296229 -0.713283
vn 0.635197 0.296229 -0.713283
vn 0.325349 0.044560 -0.944543
vn 0.325349 0.044560 -0.944543
vn 0.325349 0.044560 -0.944543
vn 0.325349 0.044560 -0.944543
vn -0.178370 -0.129468 -0.975409
vn -0.178370 -0.129468 -0.975409
vn -0.178370 -0.129468 -0.975409
vn -0.178370 -0.129468 -0.975409
vn -0.782061 -0.139828 -0.607313
vn -0.782061 -0.139828 -0.607313
vn -0.782061 -0.139828 -0.607313
vn -0.782061 -0.139828 -0.607313
vn -0.997274 0.061925 0.040126
vn -0.997274 0.061925 0.040126
vn -0.997274 0.061925 0.040126
vn -0.997274 0.061925 0.040126
vn -0.473567 0.866703 -0.156716
vn -0.473567 0.866703 -0.156716
vn -0.473567 0.866703 -0.156716
vn -0.473567 0.866703 -0.156716
vn -0.366096 0.926424 -0.087817
vn -0.366096 0.926424 -0.087817
vn -0.366096 0.926424 -0.087817
vn -0.366096 0.926424 -0.087817
vn -0.219645 0.968594 -0.116542
vn -0.219645 0.968594 -0.116542
vn -0.219645 0.968594 -0.116542
vn -0.219645 0.968594 -0.116542
vn -0.083113 0.969741 -0.229553
vn -0.083113 0.969741 -0.229553
vn -0.083113 0.969741 -0.229553
vn -0.083113 0.969741 -0.229553
vn -0.006182 0.923375 -0.383849
vn -0.006182 0.923375 -0.383849
vn -0.006182 0.923375 -0.383849
vn -0.006182 0.923375 -0.383849
vn -0.018909 0.851764 -0.523584
vn -0.018909 0.851764 -0.523584
vn -0.018909 0.851764 -0.523584
vn -0.018909 0.851764 -0.523584
vn -0.119674 0.789440 -0.602049
vn -0.119674 0.789440 -0.602049
vn -0.119674 0.789440 -0.602049
vn -0.119674 0.789440 -0.602049
vn -0.276429 0.760661 -0.587352
vn -0.276429 0.760661 -0.587352
vn -0.276429 0.760661 -0.587352
vn -0.276429 0.760661 -0.587352
vn -0.426657 0.770694 -0.473280
vn -0.426657 0.770694 -0.473280
vn -0.426657 0.770694 -0.473280
vn -0.426657 0.770694 -0.473280
vn -0.501096 0.810218 -0.304055
vn -0.501096 0.810218 -0.304055
vn -0.501096 0.810218 -0.304055
vn -0.501096 0.810218 -0.304055
vn 0.384141 0.602642 -0.699470
vn 0.384141 0.602642 -0.699470
vn 0.384141 0.602642 -0.699470
vn 0.384141 0.602642 -0.699470
vn 0.144913 0.422231 -0.894830
vn 0.144913 0.422231 -0.894830
vn 0.144913 0.422231 -0.894830
vn 0.144913 0.422231 -0.894830
vn -0.257101 0.331569 -0.907723
vn -0.257101 0.331568 -0.907723
vn -0.257101 0.331568 -0.907723
vn -0.257101 0.331568 -0.907723
vn -0.696826 0.357326 -0.621894
vn -0.696826 0.357326 -0.621894
vn -0.696826 0.357326 -0.621894
vn -0.696826 0.357326 -0.621894
vn -0.869685 0.473465 -0.139566
vn -0.869685 0.473465 -0.139566
vn -0.869685 0.473465 -0.139566
vn -0.869685 0.473465 -0.139566
vn -0.747483 0.625938 0.222422
vn -0.747483 0.625938 0.222422
vn -0.747483 0.625938 0.222422
vn -0.747483 0.625938 0.222422
vn -0.478171 0.793885 0.375632
vn -0.478171 0.793884 0.375632
vn -0.478171 0.793885 0.375632
vn -0.478171 0.793885 0.375632
vn -0.124060 0.941485 0.313393
vn -0.124060 0.941485 0.313393
vn -0.124060 0.941485 0.313393
vn -0.124060 0.941485 0.313393
vn 0.234224 0.971834 0.026029
vn 0.234224 0.971834 0.026029
vn 0.234224 0.971834 0.026029
vn 0.234224 0.971834 0.026029
vn 0.428383 0.823855 -0.371148
vn 0.428383 0.823855 -0.371148
vn 0.428383 0.823855 -0.371148
vn 0.428383 0.823855 -0.371148
vn 0.772180 -0.005932 -0.635377
vn 0.772180 -0.005932 -0.635377
vn 0.772180 -0.005932 -0.635377
vn 0.772180 -0.005932 -0.635377
vn 0.431553 -0.275056 -0.859131
vn 0.431553 -0.275056 -0.859131
vn 0.431553 -0.275056 -0.859131
vn 0.431553 -0.275056 -0.859131
vn -0.080036 -0.499844 -0.862410
vn -0.080036 -0.499844 -0.862410
vn -0.080036 -0.499844 -0.862410
vn -0.080036 -0.499844 -0.862410
vn -0.691673 -0.552369 -0.465271
vn -0.691673 -0.552369 -0.465271
vn -0.691673 -0.552369 -0.465271
vn -0.691673 -0.552369 -0.465271
vn -0.933415 -0.305184 0.188679
vn -0.933415 -0.305184 0.188679
vn -0.933415 -0.305184 0.188679
vn -0.933415 -0.305184 0.188679
vn -0.772178 0.005933 0.635379
vn -0.772178 0.005933 0.635379
vn -0.772178 0.005933 0.635379
vn -0.772178 0.005933 0.635379
vn -0.431553 0.275056 0.859131
vn -0.431553 0.275056 0.859131
vn -0.431553 0.275056 0.859131
vn -0.431553 0.275056 0.859131
vn 0.080036 0.499845 0.862409
vn 0.080036 0.499845 0.862409
vn 0.080036 0.499845 0.862409
vn 0.080036 0.499845 0.862409
vn 0.691674 0.552366 0.465273
vn 0.691674 0.552366 0.465273
vn 0.691674 0.552366 0.465273
vn 0.691674 0.552366 0.465273
vn 0.933416 0.305183 -0.188677
vn 0.933416 0.305183 -0.188677
vn 0.933416 0.305183 -0.188677
vn 0.933416 0.305183 -0.188677
vn 0.747482 -0.625939 -0.222422
vn 0.747482 -0.625939 -0.222422
vn 0.747482 -0.625939 -0.222422
vn 0.747482 -0.625939 -0.222422
vn 0.478173 -0.793884 -0.375632
vn 0.478173 -0.793884 -0.375632
vn 0.478173 -0.793884 -0.375632
vn 0.478173 -0.793884 -0.375632
vn 0.124058 -0.941483 -0.313399
vn 0.124058 -0.941483 -0.313399
vn 0.124058 -0.941483 -0.313399
vn 0.124058 -0.941483 -0.313399
vn -0.234223 -0.971835 -0.026023
vn -0.234223 -0.971835 -0.026023
vn -0.234223 -0.971835 -0.026023
vn -0.234223 -0.971835 -0.026023
vn -0.428383 -0.823854 0.371150
vn -0.428383 -0.823854 0.371150
vn -0.428383 -0.823854 0.371150
vn -0.428383 -0.823854 0.371150
vn -0.384140 -0.602641 0.699471
vn -0.384140 -0.602641 0.699471
vn -0.384140 -0.602641 0.699471
vn -0.384140 -0.602641 0.699471
vn -0.144915 -0.422230 0.894830
vn -0.144915 -0.422230 0.894830
vn -0.144915 -0.422230 0.894830
vn -0.144915 -0.422230 0.894830
vn 0.257100 -0.331566 0.907725
vn 0.257100 -0.331566 0.907725
vn 0.257100 -0.331566 0.907725
vn 0.257100 -0.331566 0.907725
vn 0.696832 -0.357327 0.621887
vn 0.696832 -0.357327 0.621887
vn 0.696832 -0.357327 0.621887
vn 0.696832 -0.357327 0.621887
vn 0.869684 -0.473468 0.139565
vn 0.869684 -0.473468 0.139565
vn 0.869683 -0.473468 0.139566
vn 0.869683 -0.473468 0.139566
vn 0.018915 -0.851767 0.523579
vn 0.018915 -0.851767 0.523579
vn 0.018915 -0.851767 0.523579
vn 0.018915 -0.851767 0.523579
vn 0.119676 -0.789442 0.602046
vn 0.119676 -0.789442 0.602046
vn 0.119676 -0.789442 0.602046
vn 0.119676 -0.789442 0.602046
vn 0.276428 -0.760664 0.587348
vn 0.276428 -0.760664 0.587348
vn 0.276428 -0.760664 0.587348
vn 0.276428 -0.760664 0.587348
vn 0.426659 -0.770697 0.473274
vn 0.426659 -0.770697 0.473274
vn 0.426659 -0.770697 0.473274
vn 0.426659 -0.770697 0.473274
vn 0.501103 -0.810214 0.304054
vn 0.501103 -0.810214 0.304054
vn 0.501103 -0.810214 0.304054
vn 0.501103 -0.810214 0.304054
vn 0.473569 -0.866702 0.156717
vn 0.473570 -0.866702 0.156717
vn 0.473569 -0.866702 0.156717
vn 0.473569 -0.866702 0.156717
vn 0.366098 -0.926424 0.087813
vn 0.366098 -0.926424 0.087813
vn 0.366098 -0.926424 0.087813
vn 0.366098 -0.926424 0.087813
vn 0.219644 -0.968595 0.116534
vn 0.219644 -0.968595 0.116534
vn 0.219644 -0.968595 0.116534
vn 0.219644 -0.968595 0.116534
vn 0.083109 -0.969741 0.229556
vn 0.083109 -0.969741 0.229556
vn 0.083109 -0.969741 0.229556
vn 0.083109 -0.969741 0.229556
vn 0.006187 -0.923374 0.383851
vn 0.006187 -0.923374 0.383851
vn 0.006187 -0.923374 0.383851
vn 0.006187 -0.923374 0.383851
vn -0.635196 -0.296226 0.713286
vn -0.635196 -0.296226 0.713286
vn -0.635196 -0.296226 0.713286
vn -0.635196 -0.296226 0.713286
vn -0.325350 -0.044560 0.944543
vn -0.325350 -0.044560 0.944543
vn -0.325350 -0.044560 0.944543
vn -0.325350 -0.044560 0.944543
vn 0.178370 0.129467 0.975409
vn 0.178370 0.129467 0.975409
vn 0.178370 0.129467 0.975409
vn 0.178370 0.129467 0.975409
vn 0.782062 0.139826 0.607313
vn 0.782062 0.139826 0.607313
vn 0.782062 0.139826 0.607313
vn 0.782061 0.139826 0.607313
vn 0.997274 -0.061929 -0.040126
vn 0.997274 -0.061929 -0.040126
vn 0.997274 -0.061929 -0.040126
vn 0.997274 -0.061929 -0.040126
vn 0.819470 -0.312016 -0.480744
vn 0.819470 -0.312016 -0.480744
vn 0.819470 -0.312016 -0.480744
vn 0.819470 -0.312016 -0.480744
vn 0.484787 -0.552911 -0.677695
vn 0.484787 -0.552911 -0.677695
vn 0.484787 -0.552911 -0.677695
vn 0.484787 -0.552911 -0.677696
vn 0.021550 -0.770067 -0.637599
vn 0.021550 -0.770067 -0.637599
vn 0.021550 -0.770067 -0.637599
vn 0.021550 -0.770067 -0.637599
vn -0.496167 -0.827942 -0.261402
vn -0.496167 -0.827942 -0.261402
vn -0.496167 -0.827942 -0.261402
vn -0.496167 -0.827942 -0.261402
vn -0.739559 -0.602698 0.299678
vn -0.739559 -0.602698 0.299678
vn -0.739559 -0.602698 0.299678
vn -0.739559 -0.602698 0.299678
vn 0.047454 0.903738 0.425448
vn 0.047454 0.903738 0.425448
vn 0.047454 0.903738 0.425448
vn 0.047454 0.903738 0.425448
vn 0.189161 0.495748 0.847615
vn 0.189161 0.495748 0.847615
vn 0.189161 0.495748 0.847615
vn 0.189161 0.495748 0.847615
vn 0.416596 -0.163564 0.894257
vn 0.416596 -0.163564 0.894257
vn 0.416596 -0.163564 0.894257
vn 0.416596 -0.163564 0.894257
vn 0.576789 -0.622137 0.529396
vn 0.576789 -0.622137 0.529396
vn 0.576789 -0.622137 0.529396
vn 0.576789 -0.622137 0.529396
vn 0.661038 -0.748350 0.054791
vn 0.661037 -0.748350 0.054791
vn 0.661037 -0.748350 0.054791
vn 0.661037 -0.748350 0.054791
vn 0.688481 -0.591197 -0.420094
vn 0.688481 -0.591198 -0.420094
vn 0.688481 -0.591197 -0.420094
vn 0.688481 -0.591197 -0.420094
vn 0.607634 -0.131501 -0.783255
vn 0.607634 -0.131501 -0.783255
vn 0.607634 -0.131501 -0.783255
vn 0.607634 -0.131501 -0.783255
vn 0.388120 0.465451 -0.795436
vn 0.388120 0.465451 -0.795436
vn 0.388120 0.465451 -0.795436
vn 0.388120 0.465451 -0.795436
vn 0.167551 0.860739 -0.480681
vn 0.167551 0.860739 -0.480681
vn 0.167551 0.860739 -0.480681
vn 0.167551 0.860739 -0.480681
vn 0.047893 0.997657 -0.048852
vn 0.047893 0.997657 -0.048852
vn 0.047893 0.997657 -0.048852
vn 0.047893 0.997657 -0.048852
vn 0.809475 0.575321 0.117288
vn 0.809475 0.575321 0.117288
vn 0.809475 0.575321 0.117288
vn 0.809475 0.575321 0.117288
vn 0.862536 0.461768 0.206886
vn 0.862536 0.461768 0.206886
vn 0.862536 0.461768 0.206886
vn 0.862536 0.461768 0.206886
vn 0.926064 0.307646 0.218540
vn 0.926064 0.307646 0.218540
vn 0.926064 0.307646 0.218540
vn 0.926064 0.307646 0.218540
vn 0.973206 0.178409 0.145055
vn 0.973206 0.178409 0.145055
vn 0.973206 0.178409 0.145055
vn 0.973206 0.178409 0.145055
vn 0.991452 0.129031 0.019334
vn 0.991452 0.129031 0.019334
vn 0.991452 0.129031 0.019334
vn 0.991452 0.129031 0.019334
vn 0.978439 0.175962 -0.108141
vn 0.978439 0.175962 -0.108141
vn 0.978439 0.175962 -0.108141
vn 0.978439 0.175962 -0.108141
vn 0.935728 0.297142 -0.190051
vn 0.935728 0.297142 -0.190051
vn 0.935728 0.297142 -0.190051
vn 0.935728 0.297142 -0.190051
vn 0.874440 0.443433 -0.196776
vn 0.874441 0.443433 -0.196776
vn 0.874441 0.443433 -0.196776
vn 0.874441 0.443433 -0.196776
vn 0.818229 0.560443 -0.128087
vn 0.818229 0.560443 -0.128087
vn 0.818229 0.560443 -0.128087
vn 0.818229 0.560443 -0.128087
vn 0.792305 0.610044 -0.010007
vn 0.792305 0.610044 -0.010007
vn 0.792305 0.610044 -0.010007
vn 0.792305 0.610044 -0.010007
vn 0.921103 -0.247459 -0.300555
vn 0.921103 -0.247459 -0.300555
vn 0.921103 -0.247459 -0.300555
vn 0.921103 -0.247459 -0.300555
vn 0.842158 0.090116 -0.531648
vn 0.842158 0.090116 -0.531648
vn 0.842158 0.090116 -0.531648
vn 0.842158 0.090116 -0.531648
vn 0.681484 0.492699 -0.541136
vn 0.681484 0.492699 -0.541136
vn 0.681484 0.492699 -0.541136
vn 0.681484 0.492699 -0.541136
vn 0.518802 0.783488 -0.342040
vn 0.518802 0.783488 -0.342040
vn 0.518802 0.783487 -0.342040
vn 0.518802 0.783488 -0.342040
vn 0.434284 0.900138 -0.033896
vn 0.434284 0.900138 -0.033896
vn 0.434284 0.900138 -0.033896
vn 0.434284 0.900138 -0.033896
vn 0.461647 0.831478 0.309073
vn 0.461647 0.831478 0.309073
vn 0.461647 0.831478 0.309073
vn 0.461647 0.831478 0.309073
vn 0.599973 0.540477 0.589845
vn 0.599973 0.540477 0.589845
vn 0.599973 0.540477 0.589845
vn 0.599973 0.540477 0.589845
vn 0.771587 0.086309 0.630241
vn 0.771587 0.086309 0.630241
vn 0.771587 0.086309 0.630241
vn 0.771587 0.086309 0.630241
vn 0.878157 -0.271117 0.394128
vn 0.878157 -0.271117 0.394128
vn 0.878157 -0.271117 0.394128
vn 0.878157 -0.271117 0.394128
vn 0.923344 -0.381535 0.043201
vn 0.923344 -0.381535 0.043201
vn 0.923344 -0.381535 0.043201
vn 0.923344 -0.381535 0.043201
vn 0.350481 -0.815127 -0.461227
vn 0.350481 -0.815127 -0.461228
vn 0.350481 -0.815127 -0.461227
vn 0.350481 -0.815127 -0.461228
vn 0.249273 -0.341545 -0.906207
vn 0.249273 -0.341544 -0.906207
vn 0.249273 -0.341545 -0.906207
vn 0.249273 -0.341545 -0.906207
vn 0.009254 0.358102 -0.933637
vn 0.009254 0.358102 -0.933637
vn 0.009254 0.358102 -0.933637
vn 0.009254 0.358102 -0.933637
vn -0.204270 0.811432 -0.547587
vn -0.204270 0.811432 -0.547587
vn -0.204270 0.811432 -0.547587
vn -0.204270 0.811432 -0.547587
vn -0.321571 0.945237 -0.055842
vn -0.321571 0.945237 -0.055842
vn -0.321571 0.945237 -0.055842
vn -0.321571 0.945237 -0.055842
vn -0.350484 0.815124 0.461230
vn -0.350484 0.815124 0.461230
vn -0.350484 0.815124 0.461230
vn -0.350484 0.815124 0.461230
vn -0.249273 0.341545 0.906206
vn -0.249273 0.341545 0.906206
vn -0.249273 0.341545 0.906206
vn -0.249273 0.341545 0.906206
vn -0.009251 -0.358101 0.933637
vn -0.009251 -0.358101 0.933637
vn -0.009251 -0.358101 0.933637
vn -0.009251 -0.358101 0.933637
vn 0.204277 -0.811430 0.547588
vn 0.204277 -0.811430 0.547588
vn 0.204277 -0.811430 0.547588
vn 0.204277 -0.811430 0.547588
vn 0.321571 -0.945237 0.055842
vn 0.321571 -0.945237 0.055842
vn 0.321571 -0.945238 0.055842
vn 0.321571 -0.945237 0.055841
vn -0.461645 -0.831481 -0.309069
vn -0.461645 -0.831481 -0.309069
vn -0.461645 -0.831481 -0.309070
vn -0.461645 -0.831481 -0.309069
vn -0.599975 -0.540479 -0.589841
vn -0.599975 -0.540479 -0.589841
vn -0.599975 -0.540479 -0.589841
vn -0.599975 -0.540479 -0.589841
vn -0.771586 -0.086306 -0.630244
vn -0.771586 -0.086306 -0.630244
vn -0.771586 -0.086306 -0.630244
vn -0.771586 -0.086306 -0.630244
vn -0.878158 0.271115 -0.394126
vn -0.878158 0.271115 -0.394126
vn -0.878158 0.271115 -0.394126
vn -0.878158 0.271115 -0.394126
vn -0.923344 0.381536 -0.043201
vn -0.923344 0.381536 -0.043201
vn -0.923344 0.381536 -0.043201
vn -0.923344 0.381536 -0.043201
vn -0.921104 0.247455 0.300555
vn -0.921104 0.247455 0.300555
vn -0.921104 0.247455 0.300555
vn -0.921104 0.247455 0.300555
vn -0.842158 -0.090115 0.531648
vn -0.842158 -0.090115 0.531648
vn -0.842158 -0.090115 0.531648
vn -0.842158 -0.090115 0.531648
vn -0.681485 -0.492700 0.541133
vn -0.681485 -0.492700 0.541133
vn -0.681485 -0.492700 0.541133
vn -0.681485 -0.492700 0.541133
vn -0.518802 -0.783489 0.342037
vn -0.518802 -0.783489 0.342037
vn -0.518802 -0.783489 0.342037
vn -0.518803 -0.783489 0.342037
vn -0.434280 -0.900140 0.033896
vn -0.434280 -0.900140 0.033896
vn -0.434280 -0.900140 0.033896
vn -0.434280 -0.900140 0.033896
vn -0.978440 -0.175959 0.108141
vn -0.978440 -0.175959 0.108140
vn -0.978440 -0.175959 0.108140
vn -0.978440 -0.175959 0.108140
vn -0.935729 -0.297143 0.190048
vn -0.935728 -0.297143 0.190048
vn -0.935729 -0.297143 0.190048
vn -0.935728 -0.297143 0.190048
vn -0.874440 -0.443433 0.196778
vn -0.874440 -0.443433 0.196778
vn -0.874440 -0.443433 0.196778
vn -0.874440 -0.443433 0.196778
vn -0.818230 -0.560440 0.128089
vn -0.818230 -0.560440 0.128089
vn -0.818230 -0.560440 0.128089
vn -0.818230 -0.560440 0.128089
vn -0.792307 -0.610041 0.010005
vn -0.792307 -0.610041 0.010005
vn -0.792307 -0.610041 0.010005
vn -0.792307 -0.610041 0.010005
vn -0.809476 -0.575319 -0.117287
vn -0.809476 -0.575319 -0.117287
vn -0.809476 -0.575319 -0.117287
vn -0.809476 -0.575319 -0.117287
vn -0.862537 -0.461768 -0.206883
vn -0.862537 -0.461768 -0.206883
vn -0.862537 -0.461768 -0.206883
vn -0.862537 -0.461768 -0.206883
vn -0.926065 -0.307645 -0.218536
vn -0.926065 -0.307645 -0.218536
vn -0.926065 -0.307645 -0.218536
vn -0.926065 -0.307645 -0.218536
vn -0.973205 -0.178411 -0.145058
vn -0.973205 -0.178411 -0.145058
vn -0.973205 -0.178411 -0.145058
vn -0.973205 -0.178411 -0.145058
vn -0.991452 -0.129030 -0.019333
vn -0.991452 -0.129030 -0.019333
vn -0.991452 -0.129030 -0.019333
vn -0.991452 -0.129030 -0.019333
vn -0.688483 0.591197 0.420093
vn -0.688483 0.591197 0.420093
vn -0.688483 0.591197 0.420093
vn -0.688483 0.591197 0.420093
vn -0.607633 0.131501 0.783256
vn -0.607632 0.131501 0.783256
vn -0.607632 0.131501 0.783256
vn -0.607632 0.131501 0.783256
vn -0.388119 -0.465451 0.795436
vn -0.388119 -0.465451 0.795436
vn -0.388119 -0.465451 0.795436
vn -0.388119 -0.465451 0.795436
vn -0.167551 -0.860740 0.480681
vn -0.167551 -0.860739 0.480681
vn -0.167551 -0.860740 0.480681
vn -0.167551 -0.860740 0.480681
vn -0.047889 -0.997657 0.048852
vn -0.047889 -0.997657 0.048852
vn -0.047889 -0.997657 0.048852
vn -0.047889 -0.997657 0.048852
vn -0.047450 -0.903737 -0.425451
vn -0.047450 -0.903737 -0.425451
vn -0.047450 -0.903737 -0.425451
vn -0.047450 -0.903737 -0.425451
vn -0.189160 -0.495746 -0.847617
vn -0.189160 -0.495746 -0.847617
vn -0.189160 -0.495746 -0.847617
vn -0.189160 -0.495746 -0.847617
vn -0.416597 0.163565 -0.894256
vn -0.416597 0.163565 -0.894256
vn -0.416597 0.163565 -0.894256
vn -0.416597 0.163565 -0.894256
vn -0.576789 0.622138 -0.529395
vn -0.576789 0.622138 -0.529395
vn -0.576789 0.622138 -0.529395
vn -0.576789 0.622138 -0.529395
vn -0.661039 0.748348 -0.054791
vn -0.661039 0.748348 -0.054791
vn -0.661039 0.748348 -0.054791
vn -0.661039 0.748348 -0.054791
vn -0.499552 0.067599 0.863642
vn -0.499552 0.067599 0.863642
vn -0.499552 0.067599 0.863642
vn -0.499552 0.067599 0.863642
vn -0.162101 0.174766 0.971175
vn -0.162101 0.174766 0.971175
vn -0.162101 0.174766 0.971175
vn -0.162101 0.174766 0.971175
vn 0.166633 0.338535 0.926082
vn 0.166633 0.338535 0.926082
vn 0.166633 0.338535 0.926082
vn 0.166633 0.338535 0.926082
vn 0.585374 0.602006 0.543071
vn 0.585374 0.602006 0.543071
vn 0.585374 0.602006 0.543071
vn 0.585374 0.602006 0.543071
vn 0.667869 0.619414 -0.412647
vn 0.667869 0.619414 -0.412647
vn 0.667869 0.619414 -0.412647
vn 0.667869 0.619414 -0.412647
vn 0.321752 0.371271 -0.870996
vn 0.321752 0.371271 -0.870996
vn 0.321752 0.371271 -0.870996
vn 0.321752 0.371271 -0.870996
vn 0.006114 0.210265 -0.977625
vn 0.006114 0.210265 -0.977625
vn 0.006114 0.210265 -0.977625
vn 0.006114 0.210266 -0.977625
vn -0.344434 0.100335 -0.933433
vn -0.344434 0.100335 -0.933433
vn -0.344434 0.100335 -0.933433
vn -0.344434 0.100335 -0.933433
vn -0.832925 0.009043 -0.553312
vn -0.832925 0.009043 -0.553312
vn -0.832925 0.009043 -0.553312
vn -0.832925 0.009043 -0.553312
vn -0.915422 -0.008367 0.402409
vn -0.915422 -0.008367 0.402409
vn -0.915422 -0.008367 0.402409
vn -0.915422 -0.008367 0.402409
vn -0.516014 0.780527 0.352856
vn -0.516014 0.780527 0.352856
vn -0.516014 0.780527 0.352856
vn -0.516014 0.780527 0.352856
vn -0.372951 0.814676 0.444085
vn -0.372951 0.814676 0.444085
vn -0.372951 0.814676 0.444085
vn -0.372951 0.814676 0.444085
vn -0.234115 0.895177 0.379273
vn -0.234115 0.895177 0.379273
vn -0.234115 0.895177 0.379273
vn -0.234115 0.895177 0.379273
vn -0.132599 0.978248 0.159526
vn -0.132599 0.978248 0.159526
vn -0.132599 0.978248 0.159526
vn -0.132599 0.978248 0.159526
vn -0.106363 0.983785 -0.144410
vn -0.106363 0.983785 -0.144410
vn -0.106363 0.983785 -0.144410
vn -0.106363 0.983785 -0.144410
vn -0.168476 0.909028 -0.381162
vn -0.168476 0.909028 -0.381162
vn -0.168476 0.909028 -0.381162
vn -0.168476 0.909028 -0.381162
vn -0.293906 0.831357 -0.471661
vn -0.293906 0.831357 -0.471661
vn -0.293906 0.831357 -0.471661
vn -0.293906 0.831357 -0.471661
vn -0.450374 0.794380 -0.407582
vn -0.450374 0.794380 -0.407582
vn -0.450374 0.794380 -0.407582
vn -0.450374 0.794380 -0.407582
vn -0.583642 0.789675 -0.189142
vn -0.583642 0.789676 -0.189142
vn -0.583642 0.789675 -0.189142
vn -0.583642 0.789676 -0.189142
vn -0.609877 0.784138 0.114794
vn -0.609877 0.784138 0.114794
vn -0.609877 0.784138 0.114794
vn -0.609877 0.784138 0.114794
vn 0.155706 0.628509 -0.762058
vn 0.155706 0.628509 -0.762058
vn 0.155706 0.628509 -0.762058
vn 0.155706 0.628509 -0.762058
vn -0.106441 0.464341 -0.879237
vn -0.106441 0.464341 -0.879237
vn -0.106441 0.464341 -0.879237
vn -0.106441 0.464341 -0.879237
vn -0.423241 0.393055 -0.816318
vn -0.423241 0.393055 -0.816318
vn -0.423241 0.393055 -0.816318
vn -0.423241 0.393055 -0.816318
vn -0.808326 0.391109 -0.440049
vn -0.808326 0.391108 -0.440049
vn -0.808326 0.391109 -0.440049
vn -0.808326 0.391109 -0.440049
vn -0.872975 0.377464 0.308926
vn -0.872975 0.377464 0.308926
vn -0.872975 0.377464 0.308926
vn -0.872975 0.377464 0.308926
vn -0.558045 0.364604 0.745419
vn -0.558045 0.364604 0.745419
vn -0.558045 0.364604 0.745419
vn -0.558045 0.364604 0.745419
vn -0.256929 0.432582 0.864211
vn -0.256929 0.432582 0.864211
vn -0.256929 0.432582 0.864211
vn -0.256929 0.432582 0.864211
vn 0.020900 0.600063 0.799680
vn 0.020900 0.600063 0.799680
vn 0.020900 0.600063 0.799680
vn 0.020900 0.600063 0.799680
vn 0.303166 0.855800 0.419162
vn 0.303166 0.855800 0.419162
vn 0.303166 0.855800 0.419162
vn 0.303166 0.855800 0.419162
vn 0.367816 0.869443 -0.329818
vn 0.367816 0.869443 -0.329818
vn 0.367816 0.869443 -0.329818
vn 0.367816 0.869443 -0.329818
vn 0.422672 0.156282 -0.892706
vn 0.422672 0.156282 -0.892706
vn 0.422672 0.156282 -0.892706
vn 0.422672 0.156282 -0.892706
vn 0.085983 0.018146 -0.996131
vn 0.085983 0.018146 -0.996131
vn 0.085983 0.018146 -0.996131
vn 0.085983 0.018146 -0.996131
vn -0.263013 -0.122587 -0.956973
vn -0.263013 -0.122587 -0.956973
vn -0.263013 -0.122587 -0.956973
vn -0.263013 -0.122587 -0.956973
vn -0.751145 -0.314039 -0.580656
vn -0.751145 -0.314039 -0.580656
vn -0.751145 -0.314039 -0.580656
vn -0.751145 -0.314039 -0.580656
vn -0.838526 -0.332479 0.431662
vn -0.838526 -0.332479 0.431662
vn -0.838526 -0.332479 0.431662
vn -0.838526 -0.332479 0.431662
vn -0.422671 -0.156281 0.892707
vn -0.422671 -0.156281 0.892707
vn -0.422671 -0.156281 0.892707
vn -0.422671 -0.156281 0.892707
vn -0.085983 -0.018146 0.996131
vn -0.085983 -0.018146 0.996131
vn -0.085983 -0.018146 0.996131
vn -0.085983 -0.018146 0.996131
vn 0.263013 0.122587 0.956973
vn 0.263013 0.122587 0.956973
vn 0.263013 0.122587 0.956973
vn 0.263013 0.122587 0.956973
vn 0.751145 0.314038 0.580656
vn 0.751145 0.314038 0.580656
vn 0.751145 0.314038 0.580656
vn 0.751145 0.314038 0.580656
vn 0.838526 0.332480 -0.431661
vn 0.838526 0.332480 -0.431661
vn 0.838526 0.332480 -0.431661
vn 0.838526 0.332480 -0.431661
vn 0.558044 -0.364605 -0.745420
vn 0.558044 -0.364605 -0.745420
vn 0.558044 -0.364605 -0.745420
vn 0.558044 -0.364605 -0.745420
vn 0.256930 -0.432583 -0.864210
vn 0.256930 -0.432583 -0.864210
vn 0.256930 -0.432583 -0.864210
vn 0.256930 -0.432583 -0.864210
vn -0.020900 -0.600061 -0.799681
vn -0.020900 -0.600061 -0.799681
vn -0.020900 -0.600061 -0.799681
vn -0.020900 -0.600061 -0.799681
vn -0.303167 -0.855800 -0.419162
vn -0.303167 -0.855800 -0.419162
vn -0.303167 -0.855800 -0.419162
vn -0.303167 -0.855800 -0.419162
vn -0.367817 -0.869443 0.329817
vn -0.367817 -0.869443 0.329817
vn -0.367817 -0.869443 0.329817
vn -0.367817 -0.869443 0.329817
vn -0.155705 -0.628511 0.762056
vn -0.155705 -0.628511 0.762056
vn -0.155705 -0.628511 0.762056
vn -0.155705 -0.628511 0.762056
vn 0.106441 -0.464341 0.879237
vn 0.106441 -0.464341 0.879237
vn 0.106441 -0.464341 0.879237
vn 0.106441 -0.464341 0.879237
vn 0.423240 -0.393055 0.816318
vn 0.423240 -0.393055 0.816318
vn 0.423240 -0.393055 0.816318
vn 0.423240 -0.393055 0.816318
vn 0.808326 -0.391109 0.440049
vn 0.808326 -0.391109 0.440049
vn 0.808326 -0.391109 0.440049
vn 0.808326 -0.391109 0.440049
vn 0.872975 -0.377465 -0.308926
vn 0.872975 -0.377465 -0.308926
vn 0.872975 -0.377465 -0.308926
vn 0.872975 -0.377465 -0.308926
vn 0.168477 -0.909027 0.381164
vn 0.168477 -0.909027 0.381164
vn 0.168477 -0.909027 0.381164
vn 0.168477 -0.909027 0.381164
vn 0.293907 -0.831358 0.471659
vn 0.293907 -0.831358 0.471659
vn 0.293907 -0.831358 0.471659
vn 0.293907 -0.831358 0.471659
vn 0.450374 -0.794382 0.407579
vn 0.450374 -0.794382 0.407579
vn 0.450374 -0.794382 0.407579
vn 0.450374 -0.794382 0.407579
vn 0.583642 -0.789676 0.189142
vn 0.583642 -0.789676 0.189142
vn 0.583642 -0.789676 0.189142
vn 0.583642 -0.789676 0.189142
vn 0.609876 -0.784139 -0.114791
vn 0.609876 -0.784139 -0.114791
vn 0.609876 -0.784139 -0.114791
vn 0.609876 -0.784139 -0.114791
vn 0.516012 -0.780527 -0.352859
vn 0.516012 -0.780527 -0.352859
vn 0.516012 -0.780527 -0.352859
vn 0.516012 -0.780527 -0.352859
vn 0.372950 -0.814676 -0.444086
vn 0.372950 -0.814676 -0.444086
vn 0.372950 -0.814676 -0.444086
vn 0.372950 -0.814676 -0.444086
vn 0.234115 -0.895176 -0.379275
vn 0.234115 -0.895176 -0.379275
vn 0.234115 -0.895176 -0.379275
vn 0.234115 -0.895176 -0.379275
vn 0.132599 -0.978249 -0.159521
vn 0.132599 -0.978249 -0.159521
vn 0.132599 -0.978249 -0.159521
vn 0.132599 -0.978249 -0.159521
vn 0.106365 -0.983785 0.144410
vn 0.106365 -0.983785 0.144410
vn 0.106365 -0.983785 0.144410
vn 0.106365 -0.983785 0.144410
vn -0.321752 -0.371272 0.870995
vn -0.321752 -0.371272 0.870995
vn -0.321752 -0.371272 0.870996
vn -0.321752 -0.371272 0.870995
vn -0.006114 -0.210265 0.977625
vn -0.006114 -0.210265 0.977625
vn -0.006114 -0.210265 0.977625
vn -0.006114 -0.210265 0.977625
vn 0.344433 -0.100335 0.933434
vn 0.344433 -0.100335 0.933434
vn 0.344433 -0.100335 0.933434
vn 0.344433 -0.100335 0.933434
vn 0.832927 -0.009044 0.553310
vn 0.832927 -0.009044 0.553310
vn 0.832927 -0.009044 0.553310
vn 0.832927 -0.009044 0.553310
vn 0.915422 0.008366 -0.402409
vn 0.915422 0.008366 -0.402409
vn 0.915422 0.008366 -0.402409
vn 0.915422 0.008366 -0.402409
vn 0.499552 -0.067599 -0.863642
vn 0.499552 -0.067599 -0.863642
vn 0.499552 -0.067599 -0.863642
vn 0.499552 -0.067599 -0.863642
vn 0.162101 -0.174766 -0.971175
vn 0.162101 -0.174766 -0.971175
vn 0.162101 -0.174766 -0.971175
vn 0.162101 -0.174766 -0.971175
vn -0.166634 -0.338535 -0.926082
vn -0.166634 -0.338535 -0.926082
vn -0.166634 -0.338535 -0.926082
vn -0.166634 -0.338535 -0.926082
vn -0.585375 -0.602006 -0.543070
vn -0.585375 -0.602006 -0.543070
vn -0.585375 -0.602006 -0.543070
vn -0.585375 -0.602006 -0.543070
vn -0.667869 -0.619415 0.412645
vn -0.667869 -0.619415 0.412645
vn -0.667869 -0.619415 0.412645
vn -0.667869 -0.619415 0.412645
vn -0.435775 -0.885427 0.161617
vn -0.435775 -0.885427 0.161617
vn -0.435775 -0.885427 0.161617
vn -0.435775 -0.885427 0.161617
vn 0.366183 -0.324096 0.872280
vn 0.366183 -0.324096 0.872280
vn 0.366183 -0.324096 0.872280
vn 0.366183 -0.324096 0.872280
vn -0.499322 -0.310620 0.808822
vn -0.499444 -0.310439 0.808816
vn -0.508560 -0.296736 0.808278
vn -0.508042 -0.297523 0.808315
vn 0.994434 0.014746 -0.104324
vn 0.994434 0.014746 -0.104324
vn 0.994434 0.014746 -0.104324
vn 0.994434 0.014746 -0.104324
vn 0.657815 0.471999 0.586939
vn 0.655956 0.474838 0.586728
vn 0.674029 0.446472 0.588513
vn 0.673534 0.447273 0.588472
vn -0.994434 -0.014746 0.104324
vn -0.994434 -0.014746 0.104324
vn -0.994434 -0.014746 0.104324
vn -0.994434 -0.014746 0.104324
vn -0.192476 0.546584 0.814984
vn -0.192476 0.546584 0.814984
vn -0.192476 0.546584 0.814984
vn -0.192476 0.546584 0.814984
vn 0.435774 0.885426 -0.161623
vn 0.435774 0.885426 -0.161623
vn 0.435774 0.885426 -0.161623
vn 0.435774 0.885426 -0.161623
vn -0.673535 -0.447273 -0.588471
vn -0.674030 -0.446472 -0.588512
vn -0.655957 -0.474838 -0.586728
vn -0.657815 -0.471999 -0.586938
vn -0.366183 0.324097 -0.872279
vn -0.366183 0.324097 -0.872279
vn -0.366183 0.324097 -0.872279
vn -0.366183 0.324097 -0.872279
vn 0.508043 0.297523 -0.808315
vn 0.508561 0.296737 -0.808278
vn 0.499445 0.310441 -0.808815
vn 0.499324 0.310621 -0.808820
vn 0.192476 -0.546584 -0.814984
vn 0.192476 -0.546584 -0.814984
vn 0.192476 -0.546584 -0.814984
vn 0.192476 -0.546584 -0.814984
vn 0.111904 0.113850 0.987176
vn 0.110438 0.116149 0.987073
vn 0.116999 0.105844 0.987476
vn 0.116999 0.105844 0.987476
vn -0.539203 0.840358 -0.055299
vn -0.539203 0.840358 -0.055299
vn -0.539203 0.840358 -0.055299
vn -0.539203 0.840358 -0.055299
vn -0.116999 -0.105844 -0.987476
vn -0.116999 -0.105844 -0.987476
vn -0.110438 -0.116149 -0.987073
vn -0.111904 -0.113850 -0.987176
vn 0.539203 -0.840358 0.055298
vn 0.539203 -0.840358 0.055298
vn 0.539203 -0.840358 0.055298
vn 0.539203 -0.840358 0.055298
vn 0.817661 0.553820 -0.157208
vn 0.817155 0.554553 -0.157252
vn 0.836032 0.526198 -0.155456
vn 0.836032 0.526198 -0.155456
vn -0.817156 -0.554553 0.157251
vn -0.817661 -0.553820 0.157206
vn -0.836032 -0.526198 0.155455
vn -0.836032 -0.526198 0.155455
vn -0.265155 -0.588322 0.763918
vn -0.265155 -0.588322 0.763918
vn -0.265155 -0.588322 0.763918
vn 0.821699 0.095743 0.561822
vn 0.821699 0.095743 0.561822
vn 0.821699 0.095743 0.561822
vn -0.689692 0.073328 0.720380
vn -0.689692 0.073328 0.720380
vn -0.689692 0.073328 0.720380
vn 0.397158 0.757393 0.518287
vn 0.397158 0.757393 0.518287
vn 0.397158 0.757393 0.518287
vn -0.821698 -0.095746 -0.561823
vn -0.821698 -0.095746 -0.561823
vn -0.821698 -0.095746 -0.561823
vn 0.265157 0.588327 -0.763913
vn 0.265157 0.588327 -0.763913
vn 0.265157 0.588327 -0.763913
vn -0.397160 -0.757397 -0.518279
vn -0.397160 -0.757397 -0.518279
vn -0.397160 -0.757397 -0.518279
vn 0.689695 -0.073331 -0.720377
vn 0.689695 -0.073331 -0.720377
vn 0.689695 -0.073331 -0.720377
vn 0.644819 0.491504 0.585347
vn 0.644819 0.491504 0.585347
vn 0.076294 0.169089 0.982644
vn 0.076294 0.169089 0.982644
vn -0.536867 -0.252247 0.805075
vn -0.536867 -0.252247 0.805075
vn -0.836032 -0.526198 0.155457
vn -0.836032 -0.526198 0.155457
vn -0.644819 -0.491504 -0.585347
vn -0.644819 -0.491504 -0.585347
vn -0.076294 -0.169089 -0.982644
vn -0.076294 -0.169089 -0.982644
vn 0.536864 0.252246 -0.805077
vn 0.536864 0.252246 -0.805077
vn 0.836032 0.526198 -0.155455
vn 0.836032 0.526198 -0.155455
vn 0.530672 0.262246 -0.805986
vn 0.530590 0.262378 -0.805998
vn 0.562246 0.209537 -0.799983
vn 0.562246 0.209537 -0.799983
vn -0.085582 -0.154800 -0.984232
vn -0.085193 -0.155401 -0.984171
vn -0.101541 -0.130055 -0.986294
vn -0.101541 -0.130055 -0.986294
vn -0.652313 -0.480355 -0.586299
vn -0.650504 -0.483070 -0.586078
vn -0.705353 -0.392830 -0.590052
vn -0.705353 -0.392830 -0.590052
vn -0.893268 -0.424484 0.147937
vn -0.893268 -0.424484 0.147937
vn -0.836690 -0.525170 0.155389
vn -0.835397 -0.527186 0.155522
vn -0.562247 -0.209537 0.799983
vn -0.562247 -0.209537 0.799983
vn -0.530589 -0.262378 0.805998
vn -0.530672 -0.262246 0.805987
vn 0.101541 0.130055 0.986294
vn 0.101541 0.130055 0.986294
vn 0.085193 0.155402 0.984171
vn 0.085583 0.154801 0.984232
vn 0.705353 0.392830 0.590053
vn 0.705353 0.392830 0.590053
vn 0.650504 0.483070 0.586078
vn 0.652313 0.480354 0.586300
vn 0.893268 0.424484 -0.147937
vn 0.893268 0.424484 -0.147937
vn 0.835397 0.527186 -0.155521
vn 0.836690 0.525170 -0.155389
s off
g witchDoll_LoPoly
usemtl initialShadingGroup
f 2/1099/1 1/1100/2 11/1101/3 12/1102/4
f 3/1103/5 2/1099/6 12/1102/7 13/1104/8
f 4/1107/9 3/1103/10 13/1104/11 14/1108/12
f 5/2/13 4/7/14 14/8/15 15/3/16
f 6/1/17 5/2/18 15/3/19 16/4/20
f 7/11/21 6/1/22 16/4/23 17/12/24
f 8/1110/25 7/1111/26 17/1112/27 18/1113/28
f 9/1116/29 8/1110/30 18/1113/31 19/1117/32
f 10/42/33 9/47/34 19/54/35 20/48/36
f 1/43/37 10/42/38 20/48/39 11/49/40
f 12/629/41 11/630/42 21/631/43 22/632/44
f 13/635/45 12/629/46 22/632/47 23/636/48
f 14/8/49 13/16/50 23/17/51 24/14/52
f 15/3/53 14/8/54 24/14/55 25/9/56
f 16/4/57 15/3/58 25/9/59 26/10/60
f 17/12/61 16/4/62 26/10/63 27/15/64
f 18/639/65 17/641/66 27/642/67 28/640/68
f 19/637/69 18/639/70 28/640/71 29/638/72
f 20/633/73 19/637/74 29/638/75 30/634/76
f 11/630/77 20/633/78 30/634/79 21/631/80
f 22/27/81 21/24/82 31/25/83 32/28/84
f 23/1121/85 22/1122/86 32/1123/87 33/1124/88
f 24/644/89 23/647/90 33/648/91 34/645/92
f 25/643/93 24/644/94 34/645/95 35/646/96
f 26/649/97 25/643/98 35/646/99 36/650/100
f 27/651/101 26/649/102 36/650/103 37/652/104
f 28/1134/105 27/1135/106 37/1136/107 38/1137/108
f 29/1140/109 28/1134/110 38/1137/111 39/1141/112
f 30/18/113 29/19/114 39/20/115 40/21/116
f 21/24/117 30/18/118 40/21/119 31/25/120
f 32/1123/121 31/1127/122 41/1128/123 42/1125/124
f 33/1124/125 32/1123/126 42/1125/127 43/1126/128
f 34/1131/129 33/1124/130 43/1126/131 44/1132/132
f 35/30/133 34/33/134 44/34/135 45/31/136
f 36/29/137 35/30/138 45/31/139 46/32/140
f 37/1136/141 36/1142/142 46/1143/143 47/1138/144
f 38/1137/145 37/1136/146 47/1138/147 48/1139/148
f 39/1141/149 38/1137/150 48/1139/151 49/1146/152
f 40/21/153 39/20/154 49/22/155 50/23/156
f 31/25/157 40/21/158 50/23/159 41/26/160
f 42/661/161 41/659/162 51/660/163 52/662/164
f 43/1126/165 42/1125/166 52/1129/167 53/1130/168
f 44/1132/169 43/1126/170 53/1130/171 54/1133/172
f 45/31/173 44/34/174 54/37/175 55/35/176
f 46/32/177 45/31/178 55/35/179 56/36/180
f 47/38/181 46/32/182 56/36/183 57/39/184
f 48/1139/185 47/1138/186 57/1144/187 58/1145/188
f 49/654/189 48/657/190 58/658/191 59/655/192
f 50/653/193 49/654/194 59/655/195 60/656/196
f 41/659/197 50/653/198 60/656/199 51/660/200
f 52/53/201 51/44/202 61/40/203 62/50/204
f 53/663/205 52/664/206 62/665/207 63/666/208
f 54/667/209 53/663/210 63/666/211 64/668/212
f 55/669/213 54/667/214 64/668/215 65/670/216
f 56/671/217 55/669/218 65/670/219 66/672/220
f 57/673/221 56/671/222 66/672/223 67/674/224
f 58/675/225 57/673/226 67/674/227 68/676/228
f 59/52/229 58/55/230 68/56/231 69/46/232
f 60/45/233 59/52/234 69/46/235 70/41/236
f 51/44/237 60/45/238 70/41/239 61/40/240
f 62/50/241 61/40/242 1/43/243 2/51/244
f 63/1105/245 62/1106/246 2/1099/247 3/1103/248
f 64/1109/249 63/1105/250 3/1103/251 4/1107/252
f 65/6/253 64/13/254 4/7/255 5/2/256
f 66/5/257 65/6/258 5/2/259 6/1/260
f 67/1115/261 66/1118/262 6/1119/263 7/1111/264
f 68/1114/265 67/1115/266 7/1111/267 8/1110/268
f 69/1120/269 68/1114/270 8/1110/271 9/1116/272
f 70/41/273 69/46/274 9/47/275 10/42/276
f 61/40/277 70/41/278 10/42/279 1/43/280
f 71/57/281 73/58/282 89/59/283 91/60/284
f 72/692/285 71/689/286 76/688/287 75/693/288
s 1
f 107/66/289 108/69/290 97/73/291 98/70/292
s off
f 74/98/293 76/102/294 92/103/295 94/99/296
s 2
f 109/93/297 110/90/298 95/86/299 96/89/300
s off
f 77/74/301 79/78/302 84/79/303 83/75/304
f 79/677/305 78/681/306 81/682/307 80/678/308
f 80/81/309 82/82/310 88/83/311 87/84/312
s 3
f 99/71/313 100/76/314 105/72/315 106/67/316
s off
f 85/683/317 84/680/318 87/679/319 86/684/320
s 4
f 101/92/321 102/87/322 103/91/323 104/96/324
s off
f 91/686/325 90/690/326 93/691/327 92/687/328
s 5
f 108/1147/329 109/1148/330 96/1149/331 97/1150/332
s off
f 79/677/333 80/678/334 87/679/335 84/680/336
s 6
f 100/1157/337 101/1158/338 104/1159/339 105/1160/340
s off
f 91/686/341 92/687/342 76/688/343 71/689/344
s 7
f 110/90/345 103/91/346 102/87/347 95/86/348
s 8
f 106/67/349 107/66/350 98/70/351 99/71/352
s off
f 71/57/353 72/61/354 73/58/355
f 74/694/356 75/693/357 76/688/358
f 77/74/359 78/77/360 79/78/361
f 80/81/362 81/85/363 82/82/364
f 83/685/365 84/680/366 85/683/367
f 86/88/368 87/84/369 88/83/370
f 89/59/371 90/64/372 91/60/373
f 92/103/374 93/104/375 94/99/376
s 2
f 96/89/300 95/86/299 82/82/377 81/85/378
s 5
f 97/1150/332 96/1149/331 81/1153/379 78/1154/380
s 1
f 98/70/292 97/73/291 78/77/381 77/74/382
s 8
f 99/71/352 98/70/351 77/74/383 83/75/384
s 3
f 83/75/385 85/80/386 100/76/314 99/71/313
s 6
f 85/1161/387 86/1162/388 101/1158/338 100/1157/337
s 4
f 86/88/389 88/83/390 102/87/322 101/92/321
s 7
f 95/86/348 102/87/347 88/83/391 82/82/392
s 4
f 117/100/393 118/95/394 94/99/395 93/104/396
s 6
f 116/1164/397 117/1163/398 93/1165/399 90/1166/400
s 3
f 115/63/401 116/68/402 90/64/403 89/59/404
s 8
f 89/59/405 73/58/406 114/62/407 115/63/408
s 1
f 73/58/409 72/61/410 113/65/411 114/62/412
s 5
f 72/1155/413 75/1156/414 112/1152/415 113/1151/416
s 2
f 75/101/417 74/98/418 111/94/419 112/97/420
s 7
f 74/98/421 94/99/422 118/95/423 111/94/424
s 2
f 112/97/420 111/94/419 110/90/298 109/93/297
s 5
f 113/1151/416 112/1152/415 109/1148/330 108/1147/329
s 1
f 114/62/412 113/65/411 108/69/290 107/66/289
s 8
f 115/63/408 114/62/407 107/66/350 106/67/349
s 3
f 106/67/316 105/72/315 116/68/402 115/63/401
s 6
f 105/1160/340 104/1159/339 117/1163/398 116/1164/397
s 4
f 104/96/324 103/91/323 118/95/394 117/100/393
s 7
f 111/94/424 118/95/423 103/91/346 110/90/345
s off
f 119/105/425 121/106/426 137/107/427 139/108/428
f 120/701/429 119/702/430 124/696/431 123/699/432
s 9
f 155/1167/433 156/1168/434 145/1169/435 146/1170/436
s off
f 122/695/437 124/696/438 140/697/439 142/698/440
s 10
f 157/138/441 158/136/442 143/130/443 144/135/444
s off
f 125/703/445 127/704/446 132/705/447 131/706/448
f 127/1182/449 126/1175/450 129/1180/451 128/1183/452
f 128/125/453 130/126/454 136/127/455 135/128/456
s 11
f 147/119/457 148/123/458 153/120/459 154/116/460
s off
f 133/708/461 132/705/462 135/709/463 134/710/464
s 12
f 149/1184/465 150/1185/466 151/1186/467 152/1187/468
s off
f 139/1199/469 138/1198/470 141/1196/471 140/1200/472
s 13
f 156/1168/473 157/1173/474 144/1174/475 145/1169/476
s off
f 127/133/477 128/125/478 135/128/479 132/134/480
s 14
f 148/1192/481 149/1184/482 152/1187/483 153/1193/484
s off
f 139/108/485 140/113/486 124/114/487 119/105/488
s 15
f 158/136/489 151/137/490 150/131/491 143/130/492
s 16
f 154/116/493 155/115/494 146/118/495 147/119/496
s off
f 119/105/497 120/109/498 121/106/499
f 122/695/500 123/699/501 124/696/502
f 125/703/503 126/707/504 127/704/505
f 128/125/506 129/129/507 130/126/508
f 131/706/509 132/705/510 133/708/511
f 134/132/512 135/128/513 136/127/514
f 137/107/515 138/112/516 139/108/517
f 140/697/518 141/700/519 142/698/520
s 10
f 144/135/444 143/130/443 130/126/521 129/129/522
s 13
f 145/1169/476 144/1174/475 129/1180/523 126/1175/524
s 9
f 146/1170/436 145/1169/435 126/1175/525 125/1176/526
s 16
f 147/119/496 146/118/495 125/121/527 131/122/528
s 11
f 131/122/529 133/124/530 148/123/458 147/119/457
s 14
f 133/1194/531 134/1188/532 149/1184/482 148/1192/481
s 12
f 134/1188/533 136/1189/534 150/1185/466 149/1184/465
s 15
f 143/130/492 150/131/491 136/127/535 130/126/536
s 12
f 165/1191/537 166/1190/538 142/1195/539 141/1196/540
s 14
f 164/1197/541 165/1191/542 141/1196/543 138/1198/544
s 11
f 163/111/545 164/117/546 138/112/547 137/107/548
s 16
f 137/107/549 121/106/550 162/110/551 163/111/552
s 9
f 121/1177/553 120/1178/554 161/1172/555 162/1171/556
s 13
f 120/1178/557 123/1181/558 160/1179/559 161/1172/560
s 10
f 123/144/561 122/142/562 159/139/563 160/141/564
s 15
f 122/142/565 142/143/566 166/140/567 159/139/568
s 10
f 160/141/564 159/139/563 158/136/442 157/138/441
s 13
f 161/1172/560 160/1179/559 157/1173/474 156/1168/473
s 9
f 162/1171/556 161/1172/555 156/1168/434 155/1167/433
s 16
f 163/111/552 162/110/551 155/115/494 154/116/493
s 11
f 154/116/460 153/120/459 164/117/546 163/111/545
s 14
f 153/1193/484 152/1187/483 165/1191/542 164/1197/541
s 12
f 152/1187/468 151/1186/467 166/1190/538 165/1191/537
s 15
f 159/139/568 166/140/567 151/137/490 158/136/489
s off
f 167/711/569 169/712/570 185/713/571 187/714/572
f 168/1201/573 167/1202/574 172/1203/575 171/1204/576
s 17
f 203/720/577 204/723/578 193/727/579 194/724/580
s off
f 170/159/581 172/155/582 188/154/583 190/160/584
s 18
f 205/746/585 206/743/586 191/739/587 192/742/588
s off
f 173/151/589 175/145/590 180/148/591 179/152/592
f 175/145/593 174/149/594 177/150/595 176/146/596
f 176/734/597 178/735/598 184/736/599 183/737/600
s 19
f 195/725/601 196/730/602 201/726/603 202/721/604
s off
f 181/1213/605 180/1214/606 183/1215/607 182/1216/608
s 20
f 197/745/609 198/740/610 199/744/611 200/749/612
s off
f 187/153/613 186/157/614 189/158/615 188/154/616
s 21
f 204/1208/617 205/1207/618 192/1209/619 193/1210/620
s off
f 175/145/621 176/146/622 183/147/623 180/148/624
s 22
f 196/1218/625 197/1217/626 200/1219/627 201/1220/628
s off
f 187/153/629 188/154/630 172/155/631 167/156/632
s 23
f 206/743/633 199/744/634 198/740/635 191/739/636
s 24
f 202/721/637 203/720/638 194/724/639 195/725/640
s off
f 167/711/641 168/715/642 169/712/643
f 170/751/644 171/754/645 172/756/646
f 173/151/647 174/149/648 175/145/649
f 176/734/650 177/738/651 178/735/652
f 179/729/653 180/733/654 181/732/655
f 182/741/656 183/737/657 184/736/658
f 185/713/659 186/718/660 187/714/661
f 188/154/662 189/158/663 190/160/664
s 18
f 192/742/588 191/739/587 178/735/665 177/738/666
s 21
f 193/1210/620 192/1209/619 177/1211/667 174/1212/668
s 17
f 194/724/580 193/727/579 174/731/669 173/728/670
s 24
f 195/725/640 194/724/639 173/728/671 179/729/672
s 19
f 179/729/673 181/732/674 196/730/602 195/725/601
s 22
f 181/1213/675 182/1216/676 197/1217/626 196/1218/625
s 20
f 182/741/677 184/736/678 198/740/610 197/745/609
s 23
f 191/739/636 198/740/635 184/736/679 178/735/680
s 20
f 213/753/681 214/748/682 190/752/683 189/755/684
s 22
f 212/1222/685 213/1221/686 189/1223/687 186/1224/688
s 19
f 211/717/689 212/722/690 186/718/691 185/713/692
s 24
f 185/713/693 169/712/694 210/716/695 211/717/696
s 17
f 169/712/697 168/715/698 209/719/699 210/716/700
s 21
f 168/1201/701 171/1204/702 208/1205/703 209/1206/704
s 18
f 171/754/705 170/751/706 207/747/707 208/750/708
s 23
f 170/751/709 190/752/710 214/748/711 207/747/712
s 18
f 208/750/708 207/747/707 206/743/586 205/746/585
s 21
f 209/1206/704 208/1205/703 205/1207/618 204/1208/617
s 17
f 210/716/700 209/719/699 204/723/578 203/720/577
s 24
f 211/717/696 210/716/695 203/720/638 202/721/637
s 19
f 202/721/604 201/726/603 212/722/690 211/717/689
s 22
f 201/1220/628 200/1219/627 213/1221/686 212/1222/685
s 20
f 200/749/612 199/744/611 214/748/682 213/753/681
s 23
f 207/747/712 214/748/711 199/744/634 206/743/633
s off
f 216/172/713 215/167/714 225/168/715 226/173/716
f 217/1225/717 216/1226/718 226/1227/719 227/1228/720
f 218/1231/721 217/1225/722 227/1228/723 228/1232/724
f 219/757/725 218/758/726 228/759/727 229/760/728
f 220/763/729 219/757/730 229/760/731 230/764/732
f 221/766/733 220/763/734 230/764/735 231/767/736
f 222/1234/737 221/1235/738 231/1236/739 232/1237/740
f 223/1240/741 222/1234/742 232/1237/743 233/1241/744
f 224/161/745 223/162/746 233/163/747 234/164/748
f 215/167/749 224/161/750 234/164/751 225/168/752
f 226/173/753 225/168/754 235/171/755 236/176/756
f 227/179/757 226/173/758 236/176/759 237/180/760
f 228/183/761 227/179/762 237/180/763 238/184/764
f 229/760/765 228/759/766 238/761/767 239/762/768
f 230/764/769 229/760/770 239/762/771 240/765/772
f 231/174/773 230/177/774 240/178/775 241/175/776
f 232/169/777 231/174/778 241/175/779 242/170/780
f 233/163/781 232/169/782 242/170/783 243/165/784
f 234/164/785 233/163/786 243/165/787 244/166/788
f 225/168/789 234/164/790 244/166/791 235/171/792
f 236/776/793 235/774/794 245/775/795 246/777/796
f 237/1243/797 236/1244/798 246/1245/799 247/1246/800
f 238/184/801 237/180/802 247/187/803 248/188/804
f 239/185/805 238/184/806 248/188/807 249/186/808
f 240/178/809 239/185/810 249/186/811 250/181/812
f 241/175/813 240/178/814 250/181/815 251/182/816
f 242/1255/817 241/1256/818 251/1257/819 252/1258/820
f 243/769/821 242/772/822 252/773/823 253/770/824
f 244/768/825 243/769/826 253/770/827 254/771/828
f 235/774/829 244/768/830 254/771/831 245/775/832
f 246/1245/833 245/1249/834 255/1250/835 256/1247/836
f 247/1246/837 246/1245/838 256/1247/839 257/1248/840
f 248/1253/841 247/1246/842 257/1248/843 258/1254/844
f 249/186/845 248/188/846 258/191/847 259/189/848
f 250/181/849 249/186/850 259/189/851 260/190/852
f 251/1257/853 250/1261/854 260/1262/855 261/1259/856
f 252/1258/857 251/1257/858 261/1259/859 262/1260/860
f 253/1265/861 252/1258/862 262/1260/863 263/1266/864
f 254/196/865 253/197/866 263/193/867 264/192/868
f 245/202/869 254/196/870 264/192/871 255/200/872
f 256/205/873 255/200/874 265/201/875 266/206/876
f 257/1248/877 256/1247/878 266/1251/879 267/1252/880
f 258/779/881 257/782/882 267/783/883 268/780/884
f 259/778/885 258/779/886 268/780/887 269/781/888
f 260/784/889 259/778/890 269/781/891 270/785/892
f 261/786/893 260/784/894 270/785/895 271/787/896
f 262/1260/897 261/1259/898 271/1263/899 272/1264/900
f 263/193/901 262/198/902 272/199/903 273/194/904
f 264/192/905 263/193/906 273/194/907 274/195/908
f 255/200/909 264/192/910 274/195/911 265/201/912
f 266/206/913 265/201/914 275/209/915 276/210/916
f 267/213/917 266/206/918 276/210/919 277/214/920
f 268/219/921 267/213/922 277/214/923 278/220/924
f 269/215/925 268/219/926 278/220/927 279/216/928
f 270/211/929 269/215/930 279/216/931 280/212/932
f 271/207/933 270/211/934 280/212/935 281/208/936
f 272/199/937 271/207/938 281/208/939 282/203/940
f 273/194/941 272/199/942 282/203/943 283/204/944
f 274/788/945 273/789/946 283/790/947 284/791/948
f 265/794/949 274/788/950 284/791/951 275/795/952
f 276/797/953 275/795/954 215/796/955 216/798/956
f 277/1229/957 276/1230/958 216/1226/959 217/1225/960
f 278/1233/961 277/1229/962 217/1225/963 218/1231/964
f 279/216/965 278/220/966 218/222/967 219/221/968
f 280/212/969 279/216/970 219/221/971 220/217/972
f 281/208/973 280/212/974 220/217/975 221/218/976
f 282/1238/977 281/1239/978 221/1235/979 222/1234/980
f 283/1242/981 282/1238/982 222/1234/983 223/1240/984
f 284/791/985 283/790/986 223/792/987 224/793/988
f 275/795/989 284/791/990 224/793/991 215/796/992
f 286/805/993 285/803/994 295/804/995 296/806/996
f 287/1267/997 286/1268/998 296/1269/999 297/1270/1000
f 288/1273/1001 287/1267/1002 297/1270/1003 298/1274/1004
f 289/223/1005 288/224/1006 298/225/1007 299/226/1008
f 290/229/1009 289/223/1010 299/226/1011 300/230/1012
f 291/234/1013 290/229/1014 300/230/1015 301/235/1016
f 292/1276/1017 291/1277/1018 301/1278/1019 302/1279/1020
f 293/1282/1021 292/1276/1022 302/1279/1023 303/1283/1024
f 294/799/1025 293/800/1026 303/801/1027 304/802/1028
f 285/803/1029 294/799/1030 304/802/1031 295/804/1032
f 296/236/1033 295/239/1034 305/240/1035 306/237/1036
f 297/231/1037 296/236/1038 306/237/1039 307/232/1040
f 298/225/1041 297/231/1042 307/232/1043 308/227/1044
f 299/226/1045 298/225/1046 308/227/1047 309/228/1048
f 300/230/1049 299/226/1050 309/228/1051 310/233/1052
f 301/235/1053 300/230/1054 310/233/1055 311/238/1056
f 302/241/1057 301/235/1058 311/238/1059 312/242/1060
f 303/247/1061 302/241/1062 312/242/1063 313/248/1064
f 304/243/1065 303/247/1066 313/248/1067 314/244/1068
f 295/239/1069 304/243/1070 314/244/1071 305/240/1072
f 306/237/1073 305/240/1074 315/245/1075 316/246/1076
f 307/1285/1077 306/1286/1078 316/1287/1079 317/1288/1080
f 308/808/1081 307/811/1082 317/812/1083 318/809/1084
f 309/807/1085 308/808/1086 318/809/1087 319/810/1088
f 310/813/1089 309/807/1090 319/810/1091 320/814/1092
f 311/815/1093 310/813/1094 320/814/1095 321/816/1096
f 312/1297/1097 311/1298/1098 321/1299/1099 322/1300/1100
f 313/248/1101 312/242/1102 322/250/1103 323/251/1104
f 314/244/1105 313/248/1106 323/251/1107 324/249/1108
f 305/240/1109 314/244/1110 324/249/1111 315/245/1112
f 316/1287/1113 315/1291/1114 325/1292/1115 326/1289/1116
f 317/1288/1117 316/1287/1118 326/1289/1119 327/1290/1120
f 318/1295/1121 317/1288/1122 327/1290/1123 328/1296/1124
f 319/259/1125 318/260/1126 328/256/1127 329/255/1128
f 320/267/1129 319/259/1130 329/255/1131 330/265/1132
f 321/1299/1133 320/1303/1134 330/1304/1135 331/1301/1136
f 322/1300/1137 321/1299/1138 331/1301/1139 332/1302/1140
f 323/1307/1141 322/1300/1142 332/1302/1143 333/1308/1144
f 324/249/1145 323/251/1146 333/254/1147 334/252/1148
f 315/245/1149 324/249/1150 334/252/1151 325/253/1152
f 326/825/1153 325/823/1154 335/824/1155 336/826/1156
f 327/1290/1157 326/1289/1158 336/1293/1159 337/1294/1160
f 328/256/1161 327/261/1162 337/262/1163 338/257/1164
f 329/255/1165 328/256/1166 338/257/1167 339/258/1168
f 330/265/1169 329/255/1170 339/258/1171 340/266/1172
f 331/270/1173 330/265/1174 340/266/1175 341/271/1176
f 332/1302/1177 331/1301/1178 341/1305/1179 342/1306/1180
f 333/818/1181 332/821/1182 342/822/1183 343/819/1184
f 334/817/1185 333/818/1186 343/819/1187 344/820/1188
f 325/823/1189 334/817/1190 344/820/1191 335/824/1192
f 336/272/1193 335/275/1194 345/276/1195 346/273/1196
f 337/262/1197 336/272/1198 346/273/1199 347/268/1200
f 338/257/1201 337/262/1202 347/268/1203 348/263/1204
f 339/258/1205 338/257/1206 348/263/1207 349/264/1208
f 340/266/1209 339/258/1210 349/264/1211 350/269/1212
f 341/271/1213 340/266/1214 350/269/1215 351/274/1216
f 342/277/1217 341/271/1218 351/274/1219 352/278/1220
f 343/283/1221 342/277/1222 352/278/1223 353/284/1224
f 344/279/1225 343/283/1226 353/284/1227 354/280/1228
f 335/275/1229 344/279/1230 354/280/1231 345/276/1232
f 346/273/1233 345/276/1234 285/281/1235 286/282/1236
f 347/1271/1237 346/1272/1238 286/1268/1239 287/1267/1240
f 348/1275/1241 347/1271/1242 287/1267/1243 288/1273/1244
f 349/827/1245 348/828/1246 288/829/1247 289/830/1248
f 350/831/1249 349/827/1250 289/830/1251 290/832/1252
f 351/833/1253 350/831/1254 290/832/1255 291/834/1256
f 352/1280/1257 351/1281/1258 291/1277/1259 292/1276/1260
f 353/1284/1261 352/1280/1262 292/1276/1263 293/1282/1264
f 354/280/1265 353/284/1266 293/286/1267 294/285/1268
f 345/276/1269 354/280/1270 294/285/1271 285/281/1272
f 356/291/1273 355/292/1274 365/288/1275 366/287/1276
f 357/298/1277 356/291/1278 366/287/1279 367/295/1280
f 358/303/1281 357/298/1282 367/295/1283 368/301/1284
f 359/835/1285 358/836/1286 368/837/1287 369/838/1288
f 360/841/1289 359/835/1290 369/838/1291 370/842/1292
f 361/843/1293 360/841/1294 370/842/1295 371/844/1296
f 362/1309/1297 361/1310/1298 371/1311/1299 372/1312/1300
f 363/1313/1301 362/1309/1302 372/1312/1303 373/1314/1304
f 364/870/1305 363/869/1306 373/871/1307 374/872/1308
f 355/292/1309 364/297/1310 374/293/1311 365/288/1312
f 366/287/1313 365/288/1314 375/289/1315 376/290/1316
f 367/295/1317 366/287/1318 376/290/1319 377/296/1320
f 368/301/1321 367/295/1322 377/296/1323 378/302/1324
f 369/308/1325 368/301/1326 378/302/1327 379/309/1328
f 370/315/1329 369/308/1330 379/309/1331 380/316/1332
f 371/310/1333 370/315/1334 380/316/1335 381/311/1336
f 372/304/1337 371/310/1338 381/311/1339 382/305/1340
f 373/299/1341 372/304/1342 382/305/1343 383/300/1344
f 374/293/1345 373/299/1346 383/300/1347 384/294/1348
f 365/288/1349 374/293/1350 384/294/1351 375/289/1352
f 376/851/1353 375/845/1354 385/848/1355 386/852/1356
f 377/1315/1357 376/1316/1358 386/1317/1359 387/1318/1360
f 378/1321/1361 377/1315/1362 387/1318/1363 388/1322/1364
f 379/309/1365 378/302/1366 388/313/1367 389/314/1368
f 380/316/1369 379/309/1370 389/314/1371 390/318/1372
f 381/311/1373 380/316/1374 390/318/1375 391/317/1376
f 382/305/1377 381/311/1378 391/317/1379 392/312/1380
f 383/300/1381 382/305/1382 392/312/1383 393/306/1384
f 384/294/1385 383/300/1386 393/306/1387 394/307/1388
f 375/845/1389 384/846/1390 394/847/1391 385/848/1392
f 386/852/1393 385/848/1394 395/850/1395 396/855/1396
f 387/1318/1397 386/1317/1398 396/1319/1399 397/1320/1400
f 388/1322/1401 387/1318/1402 397/1320/1403 398/1323/1404
f 389/856/1405 388/857/1406 398/858/1407 399/859/1408
f 390/860/1409 389/856/1410 399/859/1411 400/861/1412
f 391/864/1413 390/860/1414 400/861/1415 401/865/1416
f 392/1324/1417 391/1325/1418 401/1326/1419 402/1327/1420
f 393/1330/1421 392/1324/1422 402/1327/1423 403/1331/1424
f 394/847/1425 393/853/1426 403/854/1427 404/849/1428
f 385/848/1429 394/847/1430 404/849/1431 395/850/1432
f 396/319/1433 395/320/1434 405/321/1435 406/322/1436
f 397/327/1437 396/319/1438 406/322/1439 407/328/1440
f 398/333/1441 397/327/1442 407/328/1443 408/334/1444
f 399/337/1445 398/333/1446 408/334/1447 409/338/1448
f 400/861/1449 399/859/1450 409/862/1451 410/863/1452
f 401/865/1453 400/861/1454 410/863/1455 411/866/1456
f 402/1327/1457 401/1326/1458 411/1328/1459 412/1329/1460
f 403/1331/1461 402/1327/1462 412/1329/1463 413/1332/1464
f 404/323/1465 403/329/1466 413/330/1467 414/324/1468
f 395/320/1469 404/323/1470 414/324/1471 405/321/1472
f 406/322/1473 405/321/1474 415/325/1475 416/326/1476
f 407/328/1477 406/322/1478 416/326/1479 417/332/1480
f 408/334/1481 407/328/1482 417/332/1483 418/336/1484
f 409/338/1485 408/334/1486 418/336/1487 419/341/1488
f 410/346/1489 409/338/1490 419/341/1491 420/347/1492
f 411/342/1493 410/346/1494 420/347/1495 421/343/1496
f 412/339/1497 411/342/1498 421/343/1499 422/340/1500
f 413/330/1501 412/339/1502 422/340/1503 423/335/1504
f 414/324/1505 413/330/1506 423/335/1507 424/331/1508
f 405/321/1509 414/324/1510 424/331/1511 415/325/1512
f 416/875/1513 415/873/1514 355/874/1515 356/876/1516
f 417/1333/1517 416/1334/1518 356/1335/1519 357/1336/1520
f 418/1337/1521 417/1333/1522 357/1336/1523 358/1338/1524
f 419/839/1525 418/840/1526 358/836/1527 359/835/1528
f 420/347/1529 419/341/1530 359/349/1531 360/350/1532
f 421/343/1533 420/347/1534 360/350/1535 361/348/1536
f 422/340/1537 421/343/1538 361/348/1539 362/344/1540
f 423/335/1541 422/340/1542 362/344/1543 363/345/1544
f 424/867/1545 423/868/1546 363/869/1547 364/870/1548
f 415/873/1549 424/867/1550 364/870/1551 355/874/1552
f 426/889/1553 425/885/1554 435/886/1555 436/890/1556
f 427/1339/1557 426/1340/1558 436/1341/1559 437/1342/1560
f 428/1345/1561 427/1339/1562 437/1342/1563 438/1346/1564
f 429/352/1565 428/355/1566 438/356/1567 439/353/1568
f 430/351/1569 429/352/1570 439/353/1571 440/354/1572
f 431/359/1573 430/351/1574 440/354/1575 441/360/1576
f 432/1347/1577 431/1348/1578 441/1349/1579 442/1350/1580
f 433/878/1581 432/881/1582 442/882/1583 443/879/1584
f 434/877/1585 433/878/1586 443/879/1587 444/880/1588
f 425/885/1589 434/877/1590 444/880/1591 435/886/1592
f 436/890/1593 435/886/1594 445/888/1595 446/891/1596
f 437/892/1597 436/890/1598 446/891/1599 447/893/1600
f 438/356/1601 437/363/1602 447/364/1603 448/361/1604
f 439/353/1605 438/356/1606 448/361/1607 449/357/1608
f 440/354/1609 439/353/1610 449/357/1611 450/358/1612
f 441/360/1613 440/354/1614 450/358/1615 451/362/1616
f 442/365/1617 441/360/1618 451/362/1619 452/366/1620
f 443/879/1621 442/882/1622 452/887/1623 453/883/1624
f 444/880/1625 443/879/1626 453/883/1627 454/884/1628
f 435/886/1629 444/880/1630 454/884/1631 445/888/1632
f 446/367/1633 445/368/1634 455/369/1635 456/370/1636
f 447/375/1637 446/367/1638 456/370/1639 457/376/1640
f 448/894/1641 447/895/1642 457/896/1643 458/897/1644
f 449/898/1645 448/894/1646 458/897/1647 459/899/1648
f 450/902/1649 449/898/1650 459/899/1651 460/903/1652
f 451/904/1653 450/902/1654 460/903/1655 461/905/1656
f 452/906/1657 451/904/1658 461/905/1659 462/907/1660
f 453/377/1661 452/380/1662 462/381/1663 463/378/1664
f 454/371/1665 453/377/1666 463/378/1667 464/372/1668
f 445/368/1669 454/371/1670 464/372/1671 455/369/1672
f 456/370/1673 455/369/1674 465/373/1675 466/374/1676
f 457/1355/1677 456/1356/1678 466/1357/1679 467/1358/1680
f 458/1359/1681 457/1355/1682 467/1358/1683 468/1360/1684
f 459/899/1685 458/897/1686 468/900/1687 469/901/1688
f 460/390/1689 459/391/1690 469/382/1691 470/388/1692
f 461/394/1693 460/390/1694 470/388/1695 471/392/1696
f 462/1361/1697 461/1362/1698 471/1363/1699 472/1364/1700
f 463/1365/1701 462/1361/1702 472/1364/1703 473/1366/1704
f 464/908/1705 463/909/1706 473/910/1707 474/911/1708
f 455/369/1709 464/372/1710 474/379/1711 465/373/1712
f 466/918/1713 465/916/1714 475/917/1715 476/919/1716
f 467/920/1717 466/918/1718 476/919/1719 477/921/1720
f 468/383/1721 467/386/1722 477/387/1723 478/384/1724
f 469/382/1725 468/383/1726 478/384/1727 479/385/1728
f 470/388/1729 469/382/1730 479/385/1731 480/389/1732
f 471/392/1733 470/388/1734 480/389/1735 481/393/1736
f 472/395/1737 471/392/1738 481/393/1739 482/396/1740
f 473/910/1741 472/914/1742 482/915/1743 483/912/1744
f 474/911/1745 473/910/1746 483/912/1747 484/913/1748
f 465/916/1749 474/911/1750 484/913/1751 475/917/1752
f 476/408/1753 475/401/1754 485/397/1755 486/405/1756
f 477/411/1757 476/408/1758 486/405/1759 487/412/1760
f 478/922/1761 477/923/1762 487/924/1763 488/925/1764
f 479/928/1765 478/922/1766 488/925/1767 489/929/1768
f 480/931/1769 479/928/1770 489/929/1771 490/932/1772
f 481/934/1773 480/931/1774 490/932/1775 491/935/1776
f 482/937/1777 481/934/1778 491/935/1779 492/938/1780
f 483/407/1781 482/409/1782 492/410/1783 493/403/1784
f 484/402/1785 483/407/1786 493/403/1787 494/398/1788
f 475/401/1789 484/402/1790 494/398/1791 485/397/1792
f 486/405/1793 485/397/1794 425/400/1795 426/406/1796
f 487/1343/1797 486/1344/1798 426/1340/1799 427/1339/1800
f 488/925/1801 487/924/1802 427/926/1803 428/927/1804
f 489/929/1805 488/925/1806 428/927/1807 429/930/1808
f 490/932/1809 489/929/1810 429/930/1811 430/933/1812
f 491/935/1813 490/932/1814 430/933/1815 431/936/1816
f 492/1351/1817 491/1352/1818 431/1348/1819 432/1347/1820
f 493/1353/1821 492/1351/1822 432/1347/1823 433/1354/1824
f 494/398/1825 493/403/1826 433/404/1827 434/399/1828
f 485/397/1829 494/398/1830 434/399/1831 425/400/1832
f 496/413/1833 495/414/1834 505/415/1835 506/416/1836
f 497/943/1837 496/947/1838 506/948/1839 507/944/1840
f 498/940/1841 497/943/1842 507/944/1843 508/941/1844
f 499/939/1845 498/940/1846 508/941/1847 509/942/1848
f 500/453/1849 499/452/1850 509/458/1851 510/459/1852
f 501/461/1853 500/453/1854 510/459/1855 511/462/1856
f 502/1367/1857 501/1368/1858 511/1369/1859 512/1370/1860
f 503/1371/1861 502/1367/1862 512/1370/1863 513/1372/1864
f 504/419/1865 503/422/1866 513/423/1867 514/420/1868
f 495/414/1869 504/419/1870 514/420/1871 505/415/1872
f 506/948/1873 505/955/1874 515/956/1875 516/952/1876
f 507/944/1877 506/948/1878 516/952/1879 517/949/1880
f 508/941/1881 507/944/1882 517/949/1883 518/945/1884
f 509/942/1885 508/941/1886 518/945/1887 519/946/1888
f 510/950/1889 509/942/1890 519/946/1891 520/951/1892
f 511/953/1893 510/950/1894 520/951/1895 521/954/1896
f 512/957/1897 511/953/1898 521/954/1899 522/958/1900
f 513/963/1901 512/957/1902 522/958/1903 523/964/1904
f 514/968/1905 513/963/1906 523/964/1907 524/965/1908
f 505/415/1909 514/420/1910 524/424/1911 515/425/1912
f 516/952/1913 515/956/1914 525/959/1915 526/960/1916
f 517/1373/1917 516/1374/1918 526/1375/1919 527/1376/1920
f 518/1379/1921 517/1373/1922 527/1376/1923 528/1380/1924
f 519/427/1925 518/430/1926 528/431/1927 529/428/1928
f 520/426/1929 519/427/1930 529/428/1931 530/429/1932
f 521/434/1933 520/426/1934 530/429/1935 531/435/1936
f 522/958/1937 521/954/1938 531/961/1939 532/962/1940
f 523/964/1941 522/958/1942 532/962/1943 533/967/1944
f 524/965/1945 523/964/1946 533/967/1947 534/966/1948
f 515/956/1949 524/965/1950 534/966/1951 525/959/1952
f 526/446/1953 525/438/1954 535/441/1955 536/447/1956
f 527/1376/1957 526/1375/1958 536/1377/1959 537/1378/1960
f 528/1380/1961 527/1376/1962 537/1378/1963 538/1381/1964
f 529/428/1965 528/431/1966 538/436/1967 539/432/1968
f 530/429/1969 529/428/1970 539/432/1971 540/433/1972
f 531/435/1973 530/429/1974 540/433/1975 541/437/1976
f 532/1382/1977 531/1383/1978 541/1384/1979 542/1385/1980
f 533/1388/1981 532/1382/1982 542/1385/1983 543/1389/1984
f 534/439/1985 533/442/1986 543/443/1987 544/440/1988
f 525/438/1989 534/439/1990 544/440/1991 535/441/1992
f 536/447/1993 535/441/1994 545/445/1995 546/449/1996
f 537/969/1997 536/970/1998 546/971/1999 547/972/2000
f 538/975/2001 537/969/2002 547/972/2003 548/976/2004
f 539/980/2005 538/975/2006 548/976/2007 549/981/2008
f 540/985/2009 539/980/2010 549/981/2011 550/986/2012
f 541/989/2013 540/985/2014 550/986/2015 551/990/2016
f 542/1385/2017 541/1384/2018 551/1386/2019 552/1387/2020
f 543/1389/2021 542/1385/2022 552/1387/2023 553/1390/2024
f 544/440/2025 543/443/2026 553/448/2027 554/444/2028
f 535/441/2029 544/440/2030 554/444/2031 545/445/2032
f 546/971/2033 545/977/2034 555/978/2035 556/973/2036
f 547/972/2037 546/971/2038 556/973/2039 557/974/2040
f 548/976/2041 547/972/2042 557/974/2043 558/979/2044
f 549/981/2045 548/976/2046 558/979/2047 559/984/2048
f 550/454/2049 549/455/2050 559/451/2051 560/450/2052
f 551/990/2053 550/986/2054 560/995/2055 561/996/2056
f 552/991/2057 551/990/2058 561/996/2059 562/992/2060
f 553/987/2061 552/991/2062 562/992/2063 563/988/2064
f 554/982/2065 553/987/2066 563/988/2067 564/983/2068
f 545/977/2069 554/982/2070 564/983/2071 555/978/2072
f 556/417/2073 555/418/2074 495/414/2075 496/413/2076
f 557/1391/2077 556/1392/2078 496/1393/2079 497/1394/2080
f 558/1395/2081 557/1391/2082 497/1394/2083 498/1396/2084
f 559/451/2085 558/456/2086 498/457/2087 499/452/2088
f 560/450/2089 559/451/2090 499/452/2091 500/453/2092
f 561/460/2093 560/450/2094 500/453/2095 501/461/2096
f 562/992/2097 561/996/2098 501/998/2099 502/997/2100
f 563/988/2101 562/992/2102 502/997/2103 503/993/2104
f 564/983/2105 563/988/2106 503/993/2107 504/994/2108
f 555/418/2109 564/421/2110 504/419/2111 495/414/2112
f 566/999/2113 565/1000/2114 575/1001/2115 576/1002/2116
f 567/1397/2117 566/1398/2118 576/1399/2119 577/1400/2120
f 568/1401/2121 567/1397/2122 577/1400/2123 578/1402/2124
f 569/483/2125 568/484/2126 578/471/2127 579/477/2128
f 570/490/2129 569/483/2130 579/477/2131 580/485/2132
f 571/494/2133 570/490/2134 580/485/2135 581/491/2136
f 572/495/2137 571/494/2138 581/491/2139 582/487/2140
f 573/1405/2141 572/1406/2142 582/1407/2143 583/1408/2144
f 574/1003/2145 573/1005/2146 583/1006/2147 584/1004/2148
f 565/1000/2149 574/1003/2150 584/1004/2151 575/1001/2152
f 576/464/2153 575/467/2154 585/468/2155 586/465/2156
f 577/463/2157 576/464/2158 586/465/2159 587/466/2160
f 578/471/2161 577/463/2162 587/466/2163 588/472/2164
f 579/477/2165 578/471/2166 588/472/2167 589/478/2168
f 580/485/2169 579/477/2170 589/478/2171 590/486/2172
f 581/491/2173 580/485/2174 590/486/2175 591/492/2176
f 582/487/2177 581/491/2178 591/492/2179 592/488/2180
f 583/479/2181 582/487/2182 592/488/2183 593/480/2184
f 584/473/2185 583/479/2186 593/480/2187 594/474/2188
f 575/467/2189 584/473/2190 594/474/2191 585/468/2192
f 586/465/2193 585/468/2194 595/475/2195 596/469/2196
f 587/466/2197 586/465/2198 596/469/2199 597/470/2200
f 588/472/2201 587/466/2202 597/470/2203 598/476/2204
f 589/478/2205 588/472/2206 598/476/2207 599/482/2208
f 590/1007/2209 589/1008/2210 599/1009/2211 600/1010/2212
f 591/1013/2213 590/1007/2214 600/1010/2215 601/1014/2216
f 592/488/2217 591/492/2218 601/496/2219 602/493/2220
f 593/480/2221 592/488/2222 602/493/2223 603/489/2224
f 594/474/2225 593/480/2226 603/489/2227 604/481/2228
f 585/468/2229 594/474/2230 604/481/2231 595/475/2232
f 596/1018/2233 595/1019/2234 605/1020/2235 606/1021/2236
f 597/1413/2237 596/1414/2238 606/1415/2239 607/1416/2240
f 598/1417/2241 597/1413/2242 607/1416/2243 608/1418/2244
f 599/1009/2245 598/1015/2246 608/1016/2247 609/1011/2248
f 600/1010/2249 599/1009/2250 609/1011/2251 610/1012/2252
f 601/1014/2253 600/1010/2254 610/1012/2255 611/1017/2256
f 602/1419/2257 601/1420/2258 611/1421/2259 612/1422/2260
f 603/1423/2261 602/1419/2262 612/1422/2263 613/1424/2264
f 604/1022/2265 603/1026/2266 613/1027/2267 614/1023/2268
f 595/1019/2269 604/1022/2270 614/1023/2271 605/1020/2272
f 606/1021/2273 605/1020/2274 615/1024/2275 616/1025/2276
f 607/501/2277 606/507/2278 616/508/2279 617/502/2280
f 608/498/2281 607/501/2282 617/502/2283 618/499/2284
f 609/497/2285 608/498/2286 618/499/2287 619/500/2288
f 610/505/2289 609/497/2290 619/500/2291 620/506/2292
f 611/511/2293 610/505/2294 620/506/2295 621/512/2296
f 612/515/2297 611/511/2298 621/512/2299 622/516/2300
f 613/522/2301 612/515/2302 622/516/2303 623/523/2304
f 614/528/2305 613/522/2306 623/523/2307 624/524/2308
f 605/1020/2309 614/1023/2310 624/1028/2311 615/1024/2312
f 616/508/2313 615/517/2314 625/518/2315 626/513/2316
f 617/502/2317 616/508/2318 626/513/2319 627/509/2320
f 618/499/2321 617/502/2322 627/509/2323 628/503/2324
f 619/500/2325 618/499/2326 628/503/2327 629/504/2328
f 620/506/2329 619/500/2330 629/504/2331 630/510/2332
f 621/512/2333 620/506/2334 630/510/2335 631/514/2336
f 622/516/2337 621/512/2338 631/514/2339 632/521/2340
f 623/523/2341 622/516/2342 632/521/2343 633/527/2344
f 624/524/2345 623/523/2346 633/527/2347 634/525/2348
f 615/517/2349 624/524/2350 634/525/2351 625/518/2352
f 626/513/2353 625/518/2354 565/526/2355 566/519/2356
f 627/509/2357 626/513/2358 566/519/2359 567/520/2360
f 628/1403/2361 627/1404/2362 567/1397/2363 568/1401/2364
f 629/1029/2365 628/1030/2366 568/1031/2367 569/1032/2368
f 630/1033/2369 629/1029/2370 569/1032/2371 570/1034/2372
f 631/1035/2373 630/1033/2374 570/1034/2375 571/1036/2376
f 632/1410/2377 631/1411/2378 571/1412/2379 572/1406/2380
f 633/1409/2381 632/1410/2382 572/1406/2383 573/1405/2384
f 634/525/2385 633/527/2386 573/530/2387 574/529/2388
f 625/518/2389 634/525/2390 574/529/2391 565/526/2392
f 636/1425/2393 635/1426/2394 645/1427/2395 646/1428/2396
f 637/1431/2397 636/1425/2398 646/1428/2399 647/1432/2400
f 638/1434/2401 637/1431/2402 647/1432/2403 648/1435/2404
f 639/569/2405 638/574/2406 648/580/2407 649/575/2408
f 640/570/2409 639/569/2410 649/575/2411 650/576/2412
f 641/1437/2413 640/1438/2414 650/1439/2415 651/1440/2416
f 642/1443/2417 641/1437/2418 651/1440/2419 652/1444/2420
f 643/1446/2421 642/1443/2422 652/1444/2423 653/1447/2424
f 644/532/2425 643/537/2426 653/538/2427 654/533/2428
f 635/531/2429 644/532/2430 654/533/2431 645/534/2432
f 646/543/2433 645/534/2434 655/540/2435 656/544/2436
f 647/1037/2437 646/1038/2438 656/1039/2439 657/1040/2440
f 648/1041/2441 647/1037/2442 657/1040/2443 658/1042/2444
f 649/1043/2445 648/1041/2446 658/1042/2447 659/1044/2448
f 650/1045/2449 649/1043/2450 659/1044/2451 660/1046/2452
f 651/1047/2453 650/1045/2454 660/1046/2455 661/1048/2456
f 652/1049/2457 651/1047/2458 661/1048/2459 662/1050/2460
f 653/1051/2461 652/1049/2462 662/1050/2463 663/1052/2464
f 654/533/2465 653/538/2466 663/542/2467 664/539/2468
f 645/534/2469 654/533/2470 664/539/2471 655/540/2472
f 656/1039/2473 655/1057/2474 665/1058/2475 666/1059/2476
f 657/1449/2477 656/1450/2478 666/1451/2479 667/1452/2480
f 658/1455/2481 657/1449/2482 667/1452/2483 668/1456/2484
f 659/545/2485 658/546/2486 668/547/2487 669/548/2488
f 660/551/2489 659/545/2490 669/548/2491 670/552/2492
f 661/554/2493 660/551/2494 670/552/2495 671/555/2496
f 662/1462/2497 661/1463/2498 671/1464/2499 672/1465/2500
f 663/1052/2501 662/1050/2502 672/1053/2503 673/1054/2504
f 664/1055/2505 663/1052/2506 673/1054/2507 674/1056/2508
f 655/1057/2509 664/1055/2510 674/1056/2511 665/1058/2512
f 666/1451/2513 665/1457/2514 675/1458/2515 676/1453/2516
f 667/1452/2517 666/1451/2518 676/1453/2519 677/1454/2520
f 668/1456/2521 667/1452/2522 677/1454/2523 678/1461/2524
f 669/548/2525 668/547/2526 678/549/2527 679/550/2528
f 670/552/2529 669/548/2530 679/550/2531 680/553/2532
f 671/1464/2533 670/1468/2534 680/1469/2535 681/1466/2536
f 672/1465/2537 671/1464/2538 681/1466/2539 682/1467/2540
f 673/1472/2541 672/1465/2542 682/1467/2543 683/1473/2544
f 674/557/2545 673/560/2546 683/561/2547 684/558/2548
f 665/556/2549 674/557/2550 684/558/2551 675/559/2552
f 676/565/2553 675/559/2554 685/563/2555 686/566/2556
f 677/1454/2557 676/1453/2558 686/1459/2559 687/1460/2560
f 678/1061/2561 677/1064/2562 687/1065/2563 688/1062/2564
f 679/1060/2565 678/1061/2566 688/1062/2567 689/1063/2568
f 680/1066/2569 679/1060/2570 689/1063/2571 690/1067/2572
f 681/1070/2573 680/1066/2574 690/1067/2575 691/1071/2576
f 682/1467/2577 681/1466/2578 691/1470/2579 692/1471/2580
f 683/1473/2581 682/1467/2582 692/1471/2583 693/1474/2584
f 684/558/2585 683/561/2586 693/564/2587 694/562/2588
f 675/559/2589 684/558/2590 694/562/2591 685/563/2592
f 686/1072/2593 685/1074/2594 695/1075/2595 696/1073/2596
f 687/1065/2597 686/1072/2598 696/1073/2599 697/1068/2600
f 688/1062/2601 687/1065/2602 697/1068/2603 698/1069/2604
f 689/572/2605 688/577/2606 698/573/2607 699/568/2608
f 690/571/2609 689/572/2610 699/568/2611 700/567/2612
f 691/578/2613 690/571/2614 700/567/2615 701/579/2616
f 692/1080/2617 691/1071/2618 701/1082/2619 702/1081/2620
f 693/1078/2621 692/1080/2622 702/1081/2623 703/1079/2624
f 694/1076/2625 693/1078/2626 703/1079/2627 704/1077/2628
f 685/1074/2629 694/1076/2630 704/1077/2631 695/1075/2632
f 696/1429/2633 695/1430/2634 635/1426/2635 636/1425/2636
f 697/1433/2637 696/1429/2638 636/1425/2639 637/1431/2640
f 698/1436/2641 697/1433/2642 637/1431/2643 638/1434/2644
f 699/568/2645 698/573/2646 638/574/2647 639/569/2648
f 700/567/2649 699/568/2650 639/569/2651 640/570/2652
f 701/1441/2653 700/1442/2654 640/1438/2655 641/1437/2656
f 702/1445/2657 701/1441/2658 641/1437/2659 642/1443/2660
f 703/1448/2661 702/1445/2662 642/1443/2663 643/1446/2664
f 704/536/2665 703/541/2666 643/537/2667 644/532/2668
f 695/535/2669 704/536/2670 644/532/2671 635/531/2672
f 705/1083/2673 707/1084/2674 723/1085/2675 725/1086/2676
f 706/1475/2677 705/1476/2678 710/1477/2679 709/1478/2680
s 25
f 741/1487/2681 742/1482/2682 731/1484/2683 732/1488/2684
s off
f 708/581/2685 710/582/2686 726/583/2687 728/584/2688
s 26
f 743/595/2689 744/594/2690 729/598/2691 730/599/2692
s off
f 711/605/2693 713/606/2694 718/607/2695 717/608/2696
f 713/1097/2697 712/1098/2698 715/1095/2699 714/1091/2700
f 714/1091/2701 716/1092/2702 722/1093/2703 721/1094/2704
s 27
f 733/613/2705 734/616/2706 739/619/2707 740/617/2708
s off
f 719/1489/2709 718/1490/2710 721/1491/2711 720/1492/2712
s 28
f 735/1493/2713 736/1497/2714 737/1498/2715 738/1495/2716
s off
f 725/1086/2717 724/1088/2718 727/1089/2719 726/1090/2720
s 29
f 742/1482/2721 743/1481/2722 730/1483/2723 731/1484/2724
s off
f 713/606/2725 714/610/2726 721/611/2727 718/607/2728
s 30
f 734/1494/2729 735/1493/2730 738/1495/2731 739/1496/2732
s off
f 725/586/2733 726/583/2734 710/582/2735 705/587/2736
s 31
f 744/594/2737 737/593/2738 736/597/2739 729/598/2740
s 32
f 740/617/2741 741/618/2742 732/614/2743 733/613/2744
s off
f 705/1083/2745 706/1087/2746 707/1084/2747
f 708/581/2748 709/585/2749 710/582/2750
f 711/605/2751 712/609/2752 713/606/2753
f 714/1091/2754 715/1095/2755 716/1092/2756
f 717/608/2757 718/607/2758 719/612/2759
f 720/1096/2760 721/1094/2761 722/1093/2762
f 723/1085/2763 724/1088/2764 725/1086/2765
f 726/583/2766 727/588/2767 728/584/2768
s 26
f 730/599/2692 729/598/2691 716/601/2769 715/602/2770
s 29
f 731/1484/2724 730/1483/2723 715/1485/2771 712/1486/2772
s 25
f 732/614/2684 731/615/2683 712/609/2773 711/605/2774
s 32
f 733/613/2744 732/614/2743 711/605/2775 717/608/2776
s 27
f 717/608/2777 719/612/2778 734/616/2706 733/613/2705
s 30
f 719/1489/2779 720/1492/2780 735/1493/2730 734/1494/2729
s 28
f 720/603/2781 722/600/2782 736/597/2714 735/604/2713
s 31
f 729/598/2740 736/597/2739 722/600/2783 716/601/2784
s 28
f 751/592/2785 752/589/2786 728/584/2787 727/588/2788
s 30
f 750/1500/2789 751/1499/2790 727/1501/2791 724/1502/2792
s 27
f 749/620/2793 750/622/2794 724/627/2795 723/623/2796
s 32
f 723/623/2797 707/624/2798 748/621/2799 749/620/2800
s 25
f 707/624/2801 706/628/2802 747/625/2803 748/621/2804
s 29
f 706/1475/2805 709/1478/2806 746/1479/2807 747/1480/2808
s 26
f 709/585/2809 708/581/2810 745/590/2811 746/591/2812
s 31
f 708/581/2813 728/584/2814 752/589/2815 745/590/2816
s 26
f 746/591/2812 745/590/2811 744/594/2690 743/595/2689
s 29
f 747/1480/2808 746/1479/2807 743/1481/2722 742/1482/2721
s 25
f 748/621/2804 747/625/2803 742/626/2682 741/618/2681
s 32
f 749/620/2800 748/621/2799 741/618/2742 740/617/2741
s 27
f 740/617/2708 739/619/2707 750/622/2794 749/620/2793
s 30
f 739/1496/2732 738/1495/2731 751/1499/2790 750/1500/2789
s 28
f 738/596/2716 737/593/2715 752/589/2786 751/592/2785
s 31
f 745/590/2816 752/589/2815 737/593/2738 744/594/2737
